id,length,start_time,trip_time,edge_start,edge_end
0,4.34,141.8,6.6,node2,2_6
1,4.16,141.8,81.8,3_2,1_8
3,4.69,141.8,68.9,3_2,2_6
4,4.57,141.8,15.8,7_3,3_10
5,4.62,141.8,17.0,9_2,2_6
6,4.37,141.8,7.7,node2,2_6
8,4.55,141.8,25.5,10_3,3_7
9,4.67,141.8,18.5,7_3,3_10
11,5.09,141.8,83.3,3_2,1_8
12,5.15,141.8,14.5,7_3,3_4
14,4.81,141.8,71.2,3_2,2_6
15,4.33,141.8,8.9,9_2,2_6
16,5.2,141.8,23.1,10_3,3_7
17,5.1,141.8,23.4,7_3,3_10
19,4.25,141.8,11.9,9_2,2_1
20,4.41,141.8,7.4,node2,2_6
23,4.37,141.8,9.6,9_2,2_6
25,7.87,141.8,72.7,3_2,1_0
26,8.41,141.8,89.9,4_3,2_6
27,4.87,141.8,147.6,3_2,1_0
28,4.46,141.8,16.4,7_3,3_4
29,4.88,141.8,20.6,7_3,3_10
30,6.45,141.8,45.1,2_3,3_10
33,4.58,141.8,66.8,3_2,2_6
34,5.38,141.8,77.9,3_2,2_6
36,4.91,141.8,72.6,3_2,2_6
52,4.74,142.7,90.6,4_3,2_6
53,5.56,143.2,62.8,4_3,3_10
57,5.26,144.8,79.5,4_3,3_10
58,4.36,145.4,17.3,9_2,2_6
61,4.74,146.5,11.0,9_2,2_6
62,4.8,146.8,10.5,9_2,2_6
63,5.09,147.1,50.2,9_2,3_4
67,4.86,148.1,10.8,9_2,2_6
68,4.69,148.3,73.4,4_3,1_0
69,4.83,148.8,12.5,9_2,2_3
71,5.13,149.3,155.5,4_3,1_0
74,4.81,150.1,10.8,9_2,2_6
75,4.62,151.1,14.0,9_2,2_6
77,4.31,151.8,15.5,7_3,3_10
79,4.47,152.3,14.6,9_2,2_6
80,5.19,152.6,154.6,4_3,1_0
82,12.68,153.0,59.6,9_2,3_4
88,4.57,154.4,14.5,9_2,2_6
89,4.45,154.4,14.5,7_3,3_10
90,4.19,154.6,11.5,9_2,2_6
91,5.15,154.7,10.5,9_2,2_6
93,4.55,155.4,11.8,9_2,2_6
94,5.0,156.6,15.0,9_2,2_3
95,4.58,156.7,15.2,9_2,2_6
100,4.31,157.9,15.3,7_3,3_10
101,4.73,158.6,16.0,9_2,2_6
104,6.09,160.4,63.0,4_3,1_0
107,5.78,161.1,11.3,9_2,2_6
109,4.59,161.2,15.8,9_2,2_6
110,4.92,161.6,37.1,2_3,3_4
111,4.02,162.2,12.0,9_2,2_6
112,4.82,162.5,39.2,9_2,3_4
117,4.63,163.5,12.4,9_2,2_6
118,4.66,163.6,11.4,9_2,2_6
119,4.61,163.6,15.4,9_2,2_6
122,5.12,164.8,41.6,4_3,3_7
123,4.23,165.1,11.3,9_2,2_6
124,5.05,165.1,38.4,9_2,3_4
126,4.35,165.2,12.2,9_2,2_6
127,4.8,165.4,11.6,7_3,3_10
131,4.81,167.0,12.2,9_2,2_6
133,6.14,168.1,16.5,9_2,2_6
135,4.93,168.4,11.4,9_2,2_6
137,4.23,168.6,12.2,9_2,2_6
140,4.81,170.0,57.0,7_3,1_8
141,4.44,170.1,13.9,9_2,2_1
142,4.12,170.2,12.0,9_2,2_6
147,4.5,171.5,37.3,4_3,3_7
148,4.92,171.7,12.6,7_3,3_4
149,4.94,171.8,28.5,2_3,3_4
150,4.88,171.9,11.8,9_2,2_6
151,4.55,171.9,12.4,9_2,2_6
155,4.46,173.9,15.6,9_2,2_6
157,4.13,174.2,11.8,9_2,2_6
160,4.89,175.4,11.4,9_2,2_6
163,10.55,176.3,11.7,10_3,3_7
165,4.99,176.8,15.9,9_2,2_6
167,4.34,178.3,10.9,9_2,2_6
170,4.57,179.0,15.2,9_2,2_6
171,5.03,179.3,69.5,10_3,3_4
176,4.83,181.8,9.9,9_2,2_6
177,4.72,181.9,58.1,9_2,2_6
179,4.69,182.1,68.3,10_3,3_7
180,4.94,182.6,45.7,4_3,1_8
182,4.42,184.8,56.2,9_2,2_6
185,4.7,185.6,57.8,9_2,2_6
199,4.96,192.2,18.9,1_2,3_4
200,4.82,192.4,15.6,1_2,3_4
203,4.83,194.5,7.4,1_2,2_3
204,5.09,194.9,20.7,1_2,3_4
206,4.88,195.1,108.1,5_1,3_4
207,4.26,195.1,5.1,node1,1_0
208,4.92,195.1,41.7,1_2,3_7
209,4.59,195.1,45.2,5_1,1_8
210,4.8,195.1,93.8,5_1,2_3
211,5.21,195.1,26.0,1_2,3_4
212,4.96,195.1,20.9,1_2,3_4
213,5.01,195.1,106.4,5_1,3_4
214,4.19,195.1,10.4,node1,1_8
215,4.5,195.1,10.6,1_2,2_3
216,4.6,195.1,42.8,5_1,1_8
217,4.86,195.1,8.5,1_2,2_3
218,4.75,195.1,104.6,5_1,3_4
220,4.79,195.1,8.8,node1,1_0
221,12.92,195.1,40.7,1_2,3_4
222,4.61,195.1,105.9,5_1,3_4
224,4.64,195.1,47.4,5_1,1_8
233,5.0,195.3,108.0,4_3,2_6
242,4.98,198.0,105.2,4_3,2_6
248,4.3,200.6,105.2,4_3,2_6
252,5.04,202.2,11.0,2_3,3_4
256,4.26,203.7,16.0,4_3,3_7
257,5.12,203.9,10.9,2_3,3_4
259,4.47,206.0,12.0,2_3,3_4
263,5.13,206.5,16.7,4_3,3_7
275,5.1,209.6,99.0,4_3,2_6
279,4.84,211.3,80.1,9_2,1_0
280,4.94,211.3,99.4,4_3,2_6
287,4.59,212.6,36.1,7_3,3_10
290,4.88,213.1,175.8,4_3,1_0
300,4.34,215.1,27.4,9_2,2_6
311,5.01,216.3,176.7,4_3,2_6
321,4.9,219.1,176.7,4_3,2_6
335,5.3,221.3,177.2,4_3,2_6
345,5.01,223.9,28.9,10_3,3_4
356,5.2,227.4,172.7,4_3,2_6
364,4.45,229.9,15.8,9_2,2_6
368,5.05,230.3,25.5,10_3,3_4
372,5.14,232.0,15.1,9_2,2_6
375,4.12,232.5,12.3,5_1,1_8
377,9.66,232.7,6.8,9_2,node2
381,4.25,233.2,9.4,5_1,1_8
387,4.41,234.6,15.0,9_2,2_6
389,3.96,234.7,15.1,9_2,2_6
398,4.37,236.7,13.7,9_2,2_6
399,5.2,236.7,56.6,9_2,1_0
400,4.39,237.3,10.1,5_1,1_8
401,4.28,237.5,14.9,9_2,2_6
409,5.04,239.0,14.9,9_2,2_6
410,4.41,239.0,13.9,9_2,2_6
411,9.01,239.0,9.2,node2,2_6
413,4.81,239.3,68.0,5_1,3_4
414,3.93,239.5,9.9,5_1,1_8
417,4.46,239.9,12.4,7_3,3_10
418,4.88,240.0,72.8,0_1,2_6
420,4.64,240.5,13.0,9_2,2_6
423,4.88,241.9,60.0,7_3,1_8
428,5.36,242.4,15.4,9_2,2_6
429,4.75,242.5,12.8,9_2,2_6
434,4.71,243.3,68.1,5_1,3_4
436,4.12,243.6,8.8,5_1,1_8
439,4.24,244.3,13.1,10_3,3_7
444,4.93,244.9,14.2,9_2,2_6
447,5.55,245.4,9.2,5_1,1_8
454,3.97,246.6,13.4,9_2,2_6
455,4.28,246.6,15.5,9_2,2_6
457,4.89,246.8,14.2,5_1,1_0
458,5.03,247.0,59.3,7_3,1_8
462,5.29,247.4,35.9,4_3,3_7
466,4.66,248.6,14.0,9_2,2_6
467,4.53,248.6,8.6,5_1,1_8
474,4.21,250.0,8.8,5_1,1_8
475,5.02,250.1,51.1,5_1,2_3
480,5.62,251.6,152.3,4_3,2_6
481,4.59,252.3,8.7,5_1,1_8
483,4.16,252.7,9.5,5_1,1_8
485,4.47,252.9,12.0,9_2,2_6
486,4.18,253.0,12.7,9_2,2_6
487,4.08,253.0,14.2,9_2,2_6
495,4.23,254.1,9.4,5_1,1_8
497,4.78,254.2,24.1,9_2,3_4
499,4.79,254.3,55.8,5_1,3_4
501,4.36,255.0,12.5,9_2,2_6
505,4.58,256.0,9.0,5_1,1_8
510,4.32,256.7,12.2,9_2,2_6
511,4.8,256.8,40.4,9_2,1_0
514,6.58,257.4,52.5,4_3,1_8
516,4.99,258.2,55.5,5_1,3_4
524,5.23,259.3,22.9,4_3,3_10
525,4.17,259.3,8.9,5_1,1_8
526,4.56,259.4,11.9,9_2,2_6
529,5.1,259.7,226.1,4_3,1_0
540,4.61,261.4,9.6,5_1,1_8
541,4.87,261.5,25.4,4_3,3_10
545,6.42,261.8,216.4,4_3,2_6
546,4.48,261.9,15.3,9_2,2_6
547,5.71,261.9,12.7,9_2,2_6
551,4.5,262.3,65.4,5_1,1_8
552,4.38,262.6,8.5,9_2,2_6
554,5.14,263.0,9.3,5_1,1_8
557,4.54,263.3,8.6,5_1,1_8
559,5.03,263.5,48.2,4_3,1_8
561,4.77,263.7,65.7,9_2,3_7
564,4.12,264.1,12.4,9_2,2_6
572,5.35,265.5,62.9,5_1,1_8
574,4.68,265.6,14.3,9_2,2_6
577,5.09,266.0,12.5,9_2,2_6
579,4.4,266.4,10.4,9_2,2_6
583,6.77,267.0,61.3,5_1,1_8
587,4.67,267.7,62.5,5_1,1_8
588,4.63,267.8,13.4,9_2,2_6
589,4.43,267.8,10.3,9_2,2_6
591,5.11,268.1,71.1,7_3,3_10
592,5.41,268.2,31.0,9_2,1_0
599,4.28,269.4,11.0,9_2,2_6
601,5.75,269.8,5.0,9_2,node2
607,2.62,270.6,10.6,9_2,2_6
608,4.7,270.7,63.3,5_1,1_8
609,5.22,270.7,43.8,4_3,1_8
612,5.13,271.2,18.1,9_2,2_6
616,4.86,272.1,40.8,5_1,1_0
621,4.42,273.5,56.9,5_1,1_8
627,5.11,274.1,9.2,node2,2_6
640,4.65,276.7,82.7,7_3,3_4
641,5.14,277.2,59.1,5_1,1_8
653,4.56,279.7,53.4,5_1,1_8
662,3.9,281.7,48.1,9_2,2_6
667,5.39,282.8,198.2,4_3,2_6
669,4.64,283.5,46.6,9_2,2_6
672,6.29,284.2,32.4,4_3,1_8
684,5.12,287.3,197.8,4_3,2_6
687,4.53,287.7,54.6,10_3,3_7
689,4.83,288.9,8.8,2_3,3_4
690,5.02,289.1,55.0,10_3,3_7
693,5.85,289.6,26.9,4_3,3_7
696,5.28,289.9,105.0,10_3,1_0
715,4.73,292.7,53.8,10_3,3_7
719,4.85,293.3,194.1,4_3,2_6
731,4.7,295.9,52.2,10_3,3_7
735,5.36,296.8,65.6,7_3,3_4
743,5.01,298.8,100.2,4_3,1_8
750,5.06,301.3,12.4,2_3,3_4
762,4.56,303.6,189.2,7_3,1_8
763,5.26,303.7,28.7,9_2,2_6
779,4.29,306.3,38.5,7_3,3_10
788,4.81,309.3,180.9,4_3,2_6
795,5.06,311.3,81.9,4_3,1_0
810,4.8,314.4,11.9,4_3,3_7
820,4.7,316.4,81.3,0_1,3_4
827,4.68,317.8,13.6,9_2,2_6
833,4.51,318.8,12.9,9_2,2_6
840,6.05,320.5,8.6,9_2,2_3
847,5.13,321.6,168.6,4_3,2_6
853,4.98,322.1,65.6,9_2,3_4
855,4.08,322.3,15.7,5_1,1_8
856,4.45,322.4,12.6,5_1,1_8
860,4.37,323.0,13.0,9_2,2_6
862,10.73,323.2,15.3,5_1,1_8
864,4.81,323.3,80.5,5_1,2_6
866,4.75,323.6,13.2,9_2,2_6
868,4.17,323.9,26.4,10_3,3_7
871,4.93,324.0,64.6,9_2,3_4
872,4.36,324.1,12.3,9_2,2_6
873,5.33,324.3,168.5,4_3,2_6
876,4.81,324.6,24.5,7_3,3_10
878,4.18,324.9,11.9,5_1,1_8
884,4.79,325.6,13.6,9_2,2_6
885,4.96,325.7,75.2,5_1,3_4
895,4.37,326.6,14.0,5_1,1_8
898,4.88,327.1,62.0,9_2,3_4
899,5.12,327.2,55.4,4_3,3_7
901,4.38,327.4,14.3,9_2,2_6
902,4.98,327.5,38.0,7_3,3_4
903,6.24,327.7,76.7,4_3,1_8
908,4.42,328.5,12.7,5_1,1_8
910,6.07,328.6,57.1,2_3,3_4
914,5.87,329.1,14.9,9_2,2_6
915,4.89,329.1,13.3,5_1,1_8
916,4.44,329.2,14.6,9_2,2_6
918,4.65,329.4,12.7,5_1,1_8
921,5.18,330.4,60.9,9_2,3_4
923,4.67,330.5,12.3,9_2,2_6
926,4.97,330.8,75.3,4_3,1_8
927,4.64,330.8,19.8,7_3,3_10
929,4.13,331.1,14.9,9_2,2_6
933,4.83,331.9,58.7,9_2,3_4
934,4.18,332.3,10.9,5_1,1_8
937,5.22,332.7,54.2,4_3,3_7
938,4.91,332.7,14.3,9_2,2_6
940,4.48,332.9,13.1,5_1,1_8
942,3.92,333.3,15.5,9_2,2_6
947,4.12,334.1,12.6,9_2,2_6
950,4.86,334.6,74.0,4_3,1_8
952,5.2,334.8,11.9,5_1,1_8
953,4.48,335.2,42.8,9_2,1_0
954,4.55,335.2,17.4,10_3,3_7
955,4.35,335.3,10.9,5_1,1_8
957,4.08,335.9,12.7,9_2,2_6
958,4.16,336.0,12.1,5_1,1_8
960,4.61,336.5,15.3,9_2,2_6
961,4.47,336.7,20.4,9_2,2_6
964,5.16,336.9,62.6,0_1,3_4
965,4.81,337.0,66.0,5_1,3_4
966,4.21,337.1,15.3,7_3,3_10
972,4.49,338.1,11.7,5_1,1_8
973,4.77,338.2,147.5,4_3,1_8
974,5.16,338.3,18.0,9_2,2_6
975,4.75,338.6,13.3,9_2,2_6
977,4.78,338.9,12.3,9_2,2_6
978,4.89,339.2,66.1,5_1,3_4
980,4.68,339.5,15.6,10_3,3_7
981,5.72,339.5,11.1,5_1,1_8
989,4.23,341.3,11.9,5_1,1_8
991,4.58,341.4,18.2,9_2,2_6
992,4.69,341.5,11.1,9_2,2_6
993,4.95,341.5,64.9,0_1,2_6
994,4.99,341.9,66.2,5_1,3_4
996,4.34,342.1,16.5,9_2,2_6
998,4.71,342.7,15.3,10_3,3_7
999,4.38,343.1,10.4,5_1,1_8
1004,5.17,343.9,26.6,4_3,3_10
1005,4.45,344.1,11.3,5_1,1_8
1006,5.01,344.2,65.6,5_1,3_4
1007,4.73,344.7,16.0,9_2,2_6
1008,4.34,344.8,10.6,9_2,2_6
1009,4.52,345.0,13.3,9_2,2_6
1010,4.98,345.0,42.4,0_1,1_8
1011,4.97,345.2,56.6,10_3,1_8
1013,4.85,346.1,11.0,5_1,1_8
1015,4.12,346.2,9.8,5_1,1_8
1016,4.54,346.5,11.8,5_1,1_8
1020,4.51,347.1,13.3,9_2,2_6
1021,4.91,347.2,16.2,9_2,2_6
1023,4.9,347.7,148.6,4_3,2_6
1025,10.38,347.8,46.7,9_2,3_4
1026,4.71,347.9,9.8,5_1,1_8
1027,4.52,348.2,10.7,5_1,1_8
1032,5.13,349.0,138.4,4_3,1_8
1033,4.69,349.1,16.6,9_2,2_6
1035,4.49,350.0,11.1,9_2,2_6
1040,4.66,350.7,10.6,5_1,1_8
1042,4.98,350.7,59.1,0_1,3_4
1044,5.47,350.8,10.2,5_1,1_8
1049,4.99,351.6,45.0,9_2,3_4
1050,4.09,351.6,16.5,9_2,2_6
1051,4.22,351.8,11.9,9_2,2_6
1052,4.48,352.5,10.5,5_1,1_8
1056,4.97,353.2,76.6,7_3,3_10
1059,5.09,354.2,45.5,9_2,3_4
1062,4.54,354.3,10.7,5_1,1_8
1063,4.36,354.8,15.7,9_2,2_6
1066,4.58,355.3,12.4,9_2,2_6
1067,4.97,355.5,37.2,0_1,1_8
1068,4.57,355.6,64.3,5_1,1_8
1072,4.44,356.0,62.8,5_1,1_8
1076,4.16,356.8,13.7,9_2,2_6
1083,4.85,358.5,10.9,9_2,2_6
1087,4.75,359.0,13.6,9_2,2_3
1088,4.63,359.2,16.5,4_3,3_10
1090,4.41,359.5,59.4,5_1,1_8
1091,4.42,359.5,61.7,5_1,1_8
1093,5.04,359.7,64.0,5_1,1_8
1094,4.08,359.8,12.8,9_2,2_6
1102,4.31,361.7,12.8,9_2,2_6
1103,4.07,361.7,12.3,9_2,2_6
1109,5.01,362.4,69.9,7_3,3_10
1111,4.82,363.2,59.9,5_1,1_8
1114,5.16,364.3,60.6,5_1,1_8
1116,4.88,364.6,116.7,5_1,3_4
1120,5.04,365.0,56.1,9_2,2_6
1123,4.92,366.7,52.0,9_2,2_6
1125,4.66,367.1,59.4,5_1,1_8
1130,8.7,369.6,44.4,9_2,node2
1146,4.95,373.0,20.3,2_3,3_4
1150,5.2,374.6,200.6,4_3,2_6
1152,5.1,374.7,40.9,4_3,3_10
1153,5.38,374.8,61.9,7_3,3_10
1154,5.04,375.1,37.5,0_1,3_4
1167,5.23,378.9,198.7,4_3,2_6
1176,5.11,381.8,114.5,0_1,3_4
1177,4.16,382.9,195.3,4_3,2_6
1186,4.62,384.9,57.4,7_3,3_4
1187,5.2,385.0,105.0,4_3,1_8
1188,4.95,385.0,113.1,0_1,2_6
1194,5.51,388.2,30.6,4_3,3_7
1201,4.8,389.2,49.4,7_3,3_10
1209,3.68,390.6,31.7,9_2,2_6
1222,5.86,392.8,76.9,9_2,1_0
1246,5.04,397.9,268.9,4_3,1_0
1263,4.55,403.0,91.3,4_3,1_8
1281,4.82,407.1,23.4,10_3,3_4
1287,5.2,408.8,51.4,9_2,3_4
1288,4.68,409.0,19.1,9_2,2_6
1289,4.42,409.1,17.7,9_2,2_6
1291,4.76,409.3,13.7,9_2,2_6
1300,5.63,412.0,17.6,9_2,2_6
1308,4.58,413.0,18.8,9_2,2_6
1309,4.36,413.2,13.6,5_1,1_8
1310,4.56,413.2,14.4,5_1,1_8
1314,7.11,413.5,11.5,node2,2_6
1316,4.71,413.8,79.5,5_1,2_6
1319,4.7,414.4,16.1,9_2,2_6
1321,5.12,414.7,253.8,4_3,1_0
1327,5.18,415.5,74.9,4_3,1_0
1328,4.55,415.8,13.6,5_1,1_8
1329,4.93,415.8,45.1,9_2,3_4
1333,4.81,416.2,66.9,5_1,3_4
1336,7.45,416.5,6.0,9_2,node2
1338,4.44,416.5,12.8,5_1,1_8
1339,6.17,417.0,6.3,9_2,node2
1341,5.09,417.7,76.5,4_3,1_0
1344,4.38,418.1,67.7,5_1,3_4
1349,4.17,418.7,12.3,5_1,1_8
1353,4.56,419.4,13.9,9_2,2_6
1357,5.18,420.1,60.7,4_3,3_10
1358,5.86,420.5,44.6,9_2,3_4
1360,4.53,421.0,11.7,5_1,1_8
1362,4.32,421.5,14.5,9_2,2_6
1363,5.57,421.8,13.7,9_2,2_6
1365,7.36,422.1,11.4,node2,2_6
1366,10.94,422.3,13.4,5_1,1_8
1367,4.96,422.5,64.2,5_1,3_4
1370,5.55,423.0,12.1,node2,2_6
1371,4.8,423.0,15.1,9_2,2_6
1373,4.49,423.2,10.9,5_1,1_8
1376,3.87,423.2,17.3,7_3,3_10
1380,4.74,424.0,14.0,9_2,2_6
1384,4.91,424.9,42.9,9_2,3_4
1385,5.01,425.0,74.5,0_1,3_4
1388,4.62,425.4,15.3,9_2,2_6
1389,4.34,425.4,15.2,9_2,2_6
1390,4.88,425.5,12.2,5_1,1_8
1393,4.45,426.3,12.1,5_1,1_8
1395,4.6,427.0,15.8,9_2,2_6
1397,4.59,427.4,11.6,5_1,1_0
1399,4.68,427.7,41.5,9_2,3_4
1402,4.88,428.4,53.0,5_1,3_4
1404,4.5,428.6,15.8,9_2,2_6
1405,4.37,428.6,11.6,9_2,2_6
1406,4.38,428.7,11.4,5_1,1_8
1410,4.91,429.4,34.2,9_2,3_4
1411,4.63,429.4,9.0,10_3,3_7
1413,4.22,430.1,11.2,5_1,1_8
1414,4.45,430.6,11.2,5_1,1_8
1415,4.34,430.7,15.6,9_2,2_6
1416,4.36,430.7,13.5,9_2,2_6
1419,4.79,431.1,11.6,9_2,2_6
1420,4.87,431.2,14.4,7_3,3_4
1426,4.85,432.1,11.7,5_1,1_8
1428,4.34,432.8,11.3,9_2,2_6
1429,4.46,432.8,13.4,9_2,2_6
1430,4.4,432.9,14.6,9_2,2_6
1432,4.48,433.1,62.7,7_3,1_8
1433,4.35,433.2,11.6,5_1,1_8
1434,4.55,433.4,10.2,5_1,1_8
1435,4.91,433.8,32.9,9_2,3_4
1438,6.6,434.7,230.1,4_3,2_6
1440,4.4,435.3,10.9,5_1,1_8
1443,4.39,435.6,13.2,9_2,2_6
1444,4.3,436.0,10.0,5_1,1_8
1445,4.41,436.3,13.9,9_2,2_6
1446,4.21,436.8,12.8,7_3,3_10
1448,4.23,437.4,10.3,5_1,1_8
1449,4.43,437.4,9.9,5_1,1_8
1456,4.79,438.4,14.0,9_2,2_6
1458,4.79,438.9,9.7,10_3,3_7
1460,5.12,439.6,142.5,7_3,2_6
1461,4.29,439.8,9.7,5_1,1_8
1465,4.32,440.2,9.9,5_1,1_8
1466,4.44,440.4,12.5,9_2,2_6
1468,5.84,440.8,45.8,5_1,3_4
1470,4.58,441.6,11.7,9_2,2_6
1472,4.46,441.8,9.9,5_1,1_8
1473,4.67,442.0,13.4,9_2,2_6
1474,5.18,442.0,11.3,7_3,3_10
1479,4.76,442.8,33.3,5_1,2_3
1480,4.21,442.9,9.9,5_1,1_8
1481,4.69,443.1,12.6,10_3,3_4
1484,4.55,444.0,12.2,9_2,2_6
1485,4.58,444.0,12.4,9_2,2_6
1486,4.61,444.0,14.1,9_2,2_6
1489,4.49,444.4,9.6,5_1,1_8
1491,4.44,445.0,9.1,5_1,1_8
1493,4.57,445.1,80.7,10_3,3_4
1494,4.77,445.4,69.8,7_3,3_10
1497,4.43,445.8,12.7,9_2,2_6
1499,4.44,446.1,128.8,5_1,3_4
1500,5.1,446.1,53.1,0_1,3_4
1505,5.33,447.4,51.0,4_3,3_7
1512,4.48,448.9,12.2,9_2,2_6
1513,5.59,449.1,61.9,5_1,1_8
1514,4.8,449.2,69.6,7_3,3_10
1515,4.55,449.8,12.3,9_2,2_6
1517,13.3,450.2,80.4,10_3,3_7
1520,4.04,451.3,12.4,9_2,2_6
1527,5.39,453.3,67.5,7_3,3_10
1529,6.29,453.6,59.0,7_3,3_4
1532,4.53,454.0,193.6,9_2,1_0
1545,5.0,457.4,127.6,5_1,2_6
1547,4.99,457.5,122.8,7_3,1_8
1557,5.1,460.1,206.1,4_3,2_6
1558,4.81,460.1,51.4,9_2,2_6
1563,4.88,461.4,53.1,9_2,2_6
1580,4.79,464.5,37.2,0_1,3_4
1592,5.18,468.8,35.3,4_3,3_7
1597,4.99,469.5,34.9,0_1,3_4
1606,5.51,472.0,34.8,4_3,3_7
1616,5.21,475.0,16.5,4_3,3_10
1619,4.88,476.3,11.8,2_3,3_4
1625,4.59,478.5,57.4,10_3,3_4
1644,4.87,483.0,35.6,9_2,2_6
1663,5.45,487.7,89.3,4_3,1_8
1666,5.12,488.1,27.3,9_2,2_6
1680,5.11,493.4,22.6,7_3,3_4
1683,4.83,493.6,45.0,10_3,3_7
1684,5.1,493.6,175.6,4_3,2_6
1709,4.84,499.1,59.1,9_2,3_4
1712,5.45,500.4,10.5,5_1,1_8
1717,4.36,501.4,12.0,5_1,1_8
1721,5.06,501.7,168.8,4_3,2_6
1724,12.42,502.2,38.5,9_2,2_6
1727,4.66,502.4,16.6,9_2,2_6
1736,4.4,503.8,11.9,5_1,1_8
1739,4.41,504.3,13.7,9_2,2_6
1740,5.06,504.3,174.0,4_3,2_6
1742,4.38,505.3,11.0,5_1,1_8
1746,4.31,506.0,77.6,10_3,1_0
1749,4.51,506.4,13.2,9_2,2_6
1751,4.9,506.5,60.4,4_3,3_7
1755,4.59,508.2,18.2,9_2,2_3
1764,5.28,509.2,169.9,4_3,2_6
1767,5.45,509.3,14.8,9_2,2_6
1768,5.04,509.3,49.7,9_2,3_4
1771,5.73,509.8,11.9,5_1,1_8
1774,4.28,510.2,15.0,9_2,2_6
1776,5.03,510.4,73.6,7_3,1_8
1779,4.37,510.8,13.2,9_2,2_6
1780,4.35,511.0,9.3,5_1,1_8
1782,4.99,511.3,52.2,9_2,3_4
1786,4.91,512.5,156.6,4_3,1_8
1787,4.96,512.5,170.5,4_3,2_6
1788,4.78,512.7,12.0,5_1,1_8
1791,4.42,513.1,16.7,9_2,2_6
1792,4.28,513.1,12.8,9_2,2_6
1793,5.09,513.4,62.7,5_1,3_4
1794,4.25,513.4,14.3,9_2,2_6
1797,5.11,513.8,44.4,0_1,1_8
1798,4.76,513.9,17.2,7_3,3_10
1804,4.5,514.6,12.2,5_1,1_8
1806,4.43,515.1,9.7,5_1,1_8
1809,4.56,515.2,13.3,9_2,2_6
1811,4.73,515.7,43.2,9_2,1_0
1813,4.45,516.0,14.0,9_2,2_6
1818,4.77,516.7,16.1,7_3,3_10
1819,3.88,516.9,11.9,5_1,1_8
1821,4.31,517.3,13.5,9_2,2_6
1823,4.7,517.6,15.8,9_2,2_6
1825,4.82,517.8,23.0,10_3,3_7
1826,5.3,517.9,10.7,5_1,1_8
1829,5.15,518.6,66.2,0_1,2_6
1832,4.33,519.3,13.9,9_2,2_6
1834,4.23,519.6,16.4,9_2,2_6
1835,4.33,519.7,11.0,5_1,1_8
1840,5.03,520.9,74.0,9_2,3_7
1841,4.58,521.0,12.7,9_2,2_6
1845,4.24,521.9,9.1,5_1,1_8
1848,5.91,522.5,13.3,9_2,2_6
1849,4.92,522.5,61.6,9_2,3_7
1850,4.95,522.6,39.4,9_2,1_0
1852,4.7,522.8,19.8,9_2,2_6
1853,4.77,523.3,19.7,10_3,3_7
1855,4.87,523.7,12.8,9_2,2_6
1860,4.98,524.7,39.3,9_2,1_0
1861,5.27,524.7,37.6,9_2,3_4
1863,4.4,525.0,10.2,5_1,1_8
1864,4.58,525.0,11.9,9_2,2_6
1865,4.19,525.1,19.7,9_2,2_6
1871,5.67,526.2,21.0,10_3,3_7
1873,4.85,526.8,34.5,2_3,3_4
1875,4.66,526.9,8.3,5_1,1_8
1876,4.48,527.0,11.6,9_2,2_6
1879,4.44,527.6,18.9,9_2,2_6
1882,4.69,527.9,10.2,5_1,1_8
1884,4.27,528.0,13.2,9_2,2_6
1885,5.11,528.4,35.6,9_2,3_4
1888,3.59,528.9,11.6,9_2,2_6
1893,4.24,530.2,10.0,5_1,1_8
1894,4.21,530.2,18.6,9_2,2_6
1897,4.05,531.1,13.7,9_2,2_6
1900,5.07,531.6,34.0,9_2,3_4
1903,4.04,532.3,12.9,9_2,2_6
1905,4.49,532.9,13.5,9_2,2_6
1907,12.05,533.0,51.8,4_3,3_10
1910,4.67,533.1,18.2,9_2,2_6
1918,4.57,534.3,12.6,9_2,2_6
1919,11.28,534.4,7.4,9_2,node2
1921,4.31,534.5,20.7,5_1,1_0
1924,3.89,535.2,20.3,9_2,2_6
1930,4.29,536.3,61.8,5_1,1_8
1933,4.3,536.7,16.0,9_2,2_6
1935,4.5,536.8,13.3,9_2,2_6
1938,5.01,537.8,30.8,9_2,3_4
1939,4.45,538.4,21.8,9_2,2_6
1941,4.95,538.9,33.3,5_1,1_0
1943,4.29,539.5,57.7,5_1,1_8
1945,4.08,539.7,14.0,9_2,2_6
1949,4.7,540.6,26.5,9_2,3_4
1950,5.07,540.7,48.9,0_1,2_6
1951,12.37,540.7,38.3,node2,2_6
1954,4.6,540.9,57.6,5_1,1_8
1956,5.54,541.0,72.7,10_3,3_7
1959,4.46,541.5,14.1,9_2,2_6
1962,5.94,542.0,24.1,9_2,2_6
1964,4.99,542.7,27.4,9_2,3_4
1967,4.36,543.0,58.1,5_1,1_8
1968,4.44,543.0,80.0,7_3,3_4
1969,5.43,543.1,62.0,9_2,2_6
1972,5.22,543.5,69.4,10_3,3_4
1974,5.02,544.2,55.9,9_2,2_6
1978,5.02,544.8,57.4,5_1,1_8
1980,4.53,544.9,55.2,9_2,2_6
1988,5.21,546.7,33.2,0_1,3_4
1990,11.57,547.0,45.1,9_2,node2
1993,4.8,547.3,55.6,5_1,1_8
2002,4.51,549.0,67.6,10_3,3_4
2014,4.83,551.6,122.8,4_3,2_6
2023,4.96,553.4,115.7,0_1,2_6
2027,4.48,554.6,54.2,9_2,2_6
2031,4.55,555.9,63.8,10_3,3_7
2037,5.14,557.5,127.6,4_3,2_6
2052,4.9,561.1,15.4,4_3,3_7
2063,4.79,563.4,15.5,4_3,3_7
2073,4.5,566.0,36.3,9_2,2_6
2086,4.48,570.3,101.8,7_3,1_8
2090,5.16,571.5,16.5,0_1,1_8
2107,4.26,576.0,27.7,9_2,2_6
2111,5.01,577.0,92.5,4_3,1_8
2140,4.64,583.7,25.4,7_3,3_10
2160,4.9,588.1,23.7,7_3,3_10
2168,4.85,589.9,70.1,5_1,3_4
2173,4.95,590.1,62.6,0_1,1_2
2177,4.38,590.5,12.8,5_1,1_8
2179,6.47,590.7,84.9,0_1,3_4
2180,10.69,591.1,11.1,node2,2_6
2183,5.98,591.4,52.7,9_2,3_4
2189,4.76,592.3,20.6,9_2,2_6
2190,4.36,592.6,16.8,5_1,1_8
2191,5.26,592.6,174.7,0_1,3_7
2198,5.0,593.2,57.9,9_2,1_0
2199,4.41,593.2,12.1,5_1,1_8
2200,4.4,593.2,20.9,7_3,3_10
2204,5.1,593.5,48.4,9_2,3_4
2206,4.71,593.9,21.0,9_2,2_6
2208,4.76,594.2,12.9,5_1,1_8
2209,5.05,594.4,150.6,4_3,2_6
2210,4.5,594.5,15.3,9_2,2_6
2216,4.5,595.6,11.6,5_1,1_8
2221,4.48,596.1,10.8,5_1,1_8
2226,4.77,597.1,20.2,9_2,2_6
2227,4.69,597.2,16.0,9_2,2_6
2229,4.58,597.4,16.0,9_2,2_6
2234,4.8,598.1,11.5,5_1,1_8
2235,4.84,598.2,53.8,5_1,2_3
2237,4.56,598.8,11.2,5_1,1_8
2240,4.66,599.3,15.8,9_2,2_6
2241,5.2,599.5,56.1,4_3,3_10
2242,4.51,599.5,19.9,9_2,2_6
2244,4.58,599.7,15.3,9_2,2_6
2251,4.77,600.3,73.0,10_3,1_0
2252,4.3,600.4,16.2,7_3,3_10
2253,5.19,600.5,82.2,0_1,3_4
2254,4.86,600.8,40.4,9_2,3_7
2255,4.54,600.8,12.1,5_1,1_8
2256,5.77,601.0,11.3,5_1,1_8
2257,4.99,601.1,69.8,10_3,1_0
2259,4.78,601.2,15.7,9_2,2_6
2260,4.5,601.2,20.1,9_2,2_6
2263,5.09,601.4,56.6,4_3,3_10
2267,4.48,602.0,13.7,5_1,1_8
2269,4.84,602.3,16.0,9_2,2_6
2275,4.43,602.9,12.0,5_1,1_8
2277,4.64,603.1,20.0,9_2,2_6
2278,12.17,603.6,152.2,4_3,2_6
2280,4.76,603.9,15.1,9_2,2_6
2281,4.87,603.9,42.6,9_2,3_4
2283,4.24,604.5,11.1,5_1,1_8
2286,4.74,605.3,61.3,5_1,3_4
2287,4.75,605.4,11.6,5_1,1_8
2291,5.1,605.9,151.1,4_3,2_6
2292,3.97,606.0,15.4,9_2,2_6
2294,4.4,606.3,15.1,9_2,2_6
2296,3.62,607.1,19.0,9_2,2_6
2297,4.79,607.2,11.2,5_1,1_8
2302,4.17,607.8,14.9,9_2,2_6
2307,4.66,608.4,14.5,5_1,1_8
2308,4.71,608.5,15.8,9_2,2_6
2310,4.36,608.7,11.1,5_1,1_8
2311,5.18,609.2,36.7,9_2,3_4
2317,5.25,609.9,149.4,4_3,2_6
2319,4.22,610.2,11.7,5_1,1_8
2323,4.42,610.5,14.5,9_2,2_6
2326,4.4,610.9,14.6,5_1,1_8
2328,4.57,611.2,15.4,9_2,2_6
2330,4.73,612.0,11.2,5_1,1_8
2332,4.33,612.6,12.5,5_1,1_8
2333,3.64,612.6,15.8,9_2,2_6
2335,5.05,613.2,11.9,5_1,1_8
2336,4.53,613.6,9.9,7_3,3_10
2339,4.65,614.2,16.4,9_2,2_6
2346,4.35,615.1,13.8,9_2,2_6
2347,4.31,615.2,145.8,4_3,2_6
2349,4.95,615.2,74.0,5_1,3_7
2350,4.28,615.3,11.3,5_1,1_8
2351,4.16,616.0,11.7,5_1,1_8
2353,4.9,616.3,13.9,9_2,2_6
2354,4.35,616.7,17.0,9_2,2_6
2356,4.26,616.8,11.4,5_1,1_8
2357,4.2,617.0,13.8,9_2,2_6
2364,4.43,618.7,12.9,9_2,2_6
2365,4.6,618.8,11.1,5_1,1_8
2367,4.58,619.1,11.0,5_1,1_8
2369,5.87,619.6,130.5,7_3,1_0
2372,4.72,620.2,14.6,9_2,2_6
2374,4.35,620.4,15.7,9_2,2_6
2375,4.49,621.2,9.1,5_1,1_8
2376,4.47,621.4,11.0,5_1,1_8
2378,4.64,621.7,13.2,9_2,2_6
2379,5.31,622.5,71.4,7_3,3_4
2380,4.65,623.1,13.4,9_2,2_6
2382,4.51,623.4,10.4,5_1,1_8
2385,4.37,623.8,14.7,9_2,2_6
2386,4.61,623.9,14.0,9_2,2_6
2390,4.13,624.6,8.8,5_1,1_8
2391,4.72,624.7,9.9,5_1,1_8
2394,4.62,625.4,13.4,9_2,2_6
2395,4.52,626.0,17.1,9_2,2_6
2396,4.6,626.0,12.7,9_2,2_6
2397,4.33,626.1,61.2,5_1,1_8
2406,4.51,627.6,12.1,9_2,2_6
2407,3.98,627.6,17.8,9_2,2_6
2408,4.39,627.8,15.2,9_2,2_6
2417,5.24,628.8,68.5,7_3,3_4
2418,4.27,629.2,19.0,9_2,2_6
2419,4.47,629.2,59.5,5_1,1_8
2420,4.42,629.2,16.1,9_2,2_6
2422,4.56,629.6,25.5,9_2,2_6
2427,4.22,631.4,19.6,9_2,2_6
2428,4.22,631.5,15.9,9_2,2_6
2430,4.95,631.6,58.4,9_2,2_6
2431,4.59,631.7,58.8,5_1,1_8
2433,4.18,631.9,56.6,5_1,1_8
2440,4.92,633.9,56.1,5_1,1_8
2444,4.97,634.0,67.4,9_2,2_6
2446,4.68,634.9,105.4,9_2,3_4
2448,4.98,635.0,106.2,5_1,2_3
2452,4.94,635.3,55.8,5_1,1_8
2459,4.49,636.9,52.5,9_2,2_6
2462,5.09,637.2,55.1,5_1,1_8
2463,4.97,637.2,48.9,0_1,3_10
2464,4.99,637.4,62.6,7_3,3_4
2466,4.92,637.7,116.0,5_1,3_4
2470,4.61,638.5,54.3,5_1,1_8
2485,3.77,642.3,113.4,5_1,3_4
2486,5.53,642.4,53.2,5_1,1_8
2495,5.45,643.9,65.8,10_3,3_7
2516,5.0,649.1,63.9,10_3,3_7
2523,4.9,650.6,102.8,4_3,1_8
2526,4.4,651.5,64.3,10_3,3_7
2528,4.94,652.2,11.5,2_3,3_4
2537,4.84,656.1,45.3,7_3,3_4
2540,4.96,657.2,106.2,4_3,2_6
2545,5.2,659.3,59.9,10_3,3_7
2548,2.99,659.5,69.6,7_3,3_4
2550,4.57,659.8,3.6,node2,2_3
2553,4.21,660.6,28.6,9_2,2_6
2560,4.32,663.6,8.5,2_3,3_4
2565,5.07,665.6,104.5,4_3,2_6
2584,4.59,671.9,24.6,7_3,3_10
2585,5.09,672.2,117.7,4_3,2_6
2589,5.18,673.3,81.0,0_1,2_3
2592,5.19,674.2,78.0,4_3,3_10
2600,4.85,675.6,159.0,0_1,2_6
2601,5.01,675.8,163.1,4_3,2_6
2609,4.74,678.6,26.7,9_2,2_6
2611,5.0,679.7,59.4,9_2,3_4
2615,4.94,680.7,17.8,7_3,3_10
2616,5.35,680.9,160.6,4_3,2_6
2617,4.41,681.0,11.9,9_2,2_6
2618,4.42,681.0,13.9,9_2,2_6
2619,10.63,681.2,13.2,5_1,1_8
2626,4.43,682.7,13.5,5_1,1_8
2627,6.04,682.9,58.3,9_2,3_4
2629,4.46,683.4,24.7,9_2,2_6
2633,4.42,684.3,13.7,9_2,2_6
2634,3.7,684.3,13.1,5_1,1_8
2637,5.45,684.7,78.1,4_3,1_8
2638,4.4,684.8,13.3,5_1,1_8
2639,4.38,685.0,12.5,9_2,2_6
2643,4.79,686.3,12.8,9_2,2_6
2648,5.8,687.0,20.4,5_1,1_8
2649,4.35,687.0,12.6,5_1,1_8
2650,4.37,687.4,12.2,5_1,1_8
2652,5.03,687.5,77.3,4_3,1_8
2653,4.61,687.9,13.5,9_2,2_6
2655,4.71,688.6,157.7,4_3,2_6
2656,4.26,688.6,11.5,9_2,2_6
2657,5.79,688.6,23.9,9_2,2_6
2658,4.45,688.8,14.3,9_2,2_6
2659,5.03,689.9,65.8,7_3,1_8
2663,4.43,690.5,55.1,5_1,2_3
2664,4.41,690.6,13.0,5_1,1_8
2665,4.08,690.7,12.8,9_2,2_6
2667,4.47,690.9,10.9,5_1,1_8
2671,4.41,691.8,23.6,9_2,2_6
2672,4.71,691.8,13.8,9_2,2_6
2674,4.48,692.1,10.8,5_1,1_8
2676,4.7,692.4,54.8,5_1,2_6
2677,11.54,692.6,50.6,9_2,3_4
2678,5.16,692.8,39.9,7_3,3_4
2680,4.24,692.9,13.8,9_2,2_6
2681,4.26,693.1,10.6,5_1,1_8
2682,4.4,693.1,59.4,4_3,3_7
2685,4.15,693.7,13.4,9_2,2_6
2690,4.36,695.0,10.2,5_1,1_8
2693,4.66,695.3,23.1,9_2,2_6
2694,5.15,695.4,14.1,9_2,2_6
2695,4.81,695.5,38.5,7_3,3_4
2697,4.59,695.7,12.2,5_1,1_8
2701,4.67,697.1,12.6,9_2,2_6
2703,4.3,697.3,10.1,5_1,1_8
2705,4.26,697.5,12.0,5_1,1_8
2706,5.05,698.1,14.0,9_2,2_6
2707,4.29,698.2,13.0,9_2,2_6
2710,4.53,698.8,12.2,5_1,1_8
2711,4.62,698.8,23.2,9_2,2_6
2715,4.73,699.5,10.2,5_1,1_8
2721,4.62,700.6,12.0,5_1,1_8
2722,3.2,700.6,21.4,10_3,3_7
2723,4.59,700.8,14.7,9_2,2_6
2728,4.91,702.0,55.7,5_1,3_4
2731,4.77,702.7,65.8,0_1,2_6
2734,5.12,703.4,131.0,4_3,1_8
2735,5.31,703.8,9.3,5_1,1_8
2736,4.38,703.8,21.7,9_2,2_6
2737,4.74,703.9,14.0,9_2,2_6
2738,4.22,704.4,11.4,5_1,1_8
2740,4.04,705.3,42.6,5_1,2_3
2741,4.41,705.7,39.1,9_2,3_4
2742,4.73,705.8,21.8,9_2,2_6
2744,4.55,705.9,14.6,9_2,2_6
2750,4.21,707.0,10.7,5_1,1_8
2752,5.04,707.5,43.1,5_1,2_3
2753,5.91,707.5,15.4,9_2,2_6
2754,5.11,707.9,34.7,0_1,1_8
2757,4.44,708.3,9.1,5_1,1_8
2758,4.14,709.0,10.6,5_1,1_8
2762,5.03,710.0,50.3,5_1,3_4
2763,4.73,710.1,15.2,9_2,2_6
2768,4.16,710.7,13.4,10_3,3_7
2770,4.47,711.5,10.4,5_1,1_8
2771,5.04,712.0,35.2,9_2,3_4
2772,4.26,712.1,24.9,9_2,2_6
2773,4.46,712.4,19.0,9_2,2_6
2775,4.35,712.5,13.1,10_3,3_7
2776,4.13,713.2,15.3,9_2,2_6
2780,4.85,713.5,49.0,5_1,3_4
2782,4.06,714.0,9.4,9_2,2_6
2783,5.11,714.0,57.4,9_2,3_7
2784,4.52,715.0,22.2,9_2,2_6
2787,4.39,715.6,61.5,5_1,1_8
2788,4.46,715.6,11.7,10_3,3_7
2789,4.4,715.8,10.3,9_2,2_6
2790,4.86,715.9,15.1,9_2,2_6
2794,4.15,717.2,10.3,9_2,2_6
2795,4.2,717.4,30.9,9_2,2_6
2798,5.66,718.1,15.7,9_2,2_6
2799,4.91,718.2,49.3,7_3,2_6
2801,4.49,718.5,30.4,9_2,3_4
2802,4.56,718.6,10.3,9_2,2_6
2804,4.93,719.0,25.8,9_2,1_0
2811,4.47,720.3,63.1,5_1,1_8
2816,6.41,721.4,136.6,10_3,2_6
2818,4.6,721.9,10.6,9_2,2_6
2820,5.12,722.2,73.0,9_2,2_6
2821,6.11,722.2,49.7,9_2,node2
2825,3.9,722.8,55.7,5_1,1_8
2826,4.54,723.4,73.6,9_2,2_6
2831,4.35,724.2,49.5,9_2,node2
2832,5.38,724.2,85.0,7_3,3_4
2833,4.88,724.3,12.9,9_2,2_6
2837,4.7,726.1,75.3,9_2,2_6
2838,6.29,726.2,114.1,5_1,3_4
2839,4.53,726.6,63.6,9_2,2_6
2846,4.89,727.8,66.8,7_3,3_10
2851,4.3,729.5,75.1,9_2,2_6
2853,5.01,729.6,63.5,9_2,2_6
2864,5.08,731.5,38.4,0_1,3_4
2866,5.27,731.8,54.1,7_3,3_4
2872,3.79,734.5,61.1,9_2,2_6
2876,6.36,736.9,72.2,9_2,2_6
2894,5.03,741.3,9.2,2_3,3_4
2895,4.43,741.3,107.0,4_3,2_6
2911,4.79,744.5,97.7,0_1,1_8
2915,5.76,744.7,106.2,4_3,2_6
2921,4.5,745.7,10.9,2_3,3_4
2926,4.42,746.7,52.1,10_3,3_7
2928,5.24,747.1,40.8,7_3,3_4
2932,4.17,748.1,10.2,2_3,3_4
2934,5.04,748.3,95.7,4_3,1_0
2935,5.28,748.9,28.5,4_3,3_7
2936,5.02,749.3,80.2,9_2,3_4
2937,5.37,749.5,114.5,0_1,2_6
2938,5.1,750.6,46.4,7_3,3_10
2939,5.09,750.7,11.2,2_3,3_4
2949,4.77,752.6,91.1,4_3,2_6
2954,5.04,753.4,60.0,10_3,3_4
2957,4.98,754.4,11.6,2_3,3_4
2958,4.78,755.1,77.2,9_2,3_4
2962,4.75,755.6,44.9,7_3,3_10
2966,4.63,756.2,60.7,10_3,3_7
2974,4.99,760.0,59.2,10_3,3_7
2975,4.91,760.0,20.5,9_2,2_6
3013,5.17,768.5,21.2,7_3,3_4
3016,6.63,769.4,91.7,4_3,2_6
3018,5.15,769.6,82.2,4_3,1_8
3023,5.72,770.2,14.4,9_2,2_6
3025,4.39,770.5,15.0,5_1,1_8
3028,5.98,770.8,62.7,9_2,3_4
3029,5.34,771.2,12.0,node2,2_6
3032,3.79,771.8,82.2,5_1,2_6
3038,3.84,773.3,12.4,node2,2_6
3039,4.56,773.3,11.8,5_1,1_8
3041,5.2,773.8,9.5,5_1,1_8
3043,4.94,773.9,66.9,5_1,3_4
3044,4.73,774.1,16.6,7_3,3_4
3045,4.98,774.5,55.5,9_2,3_4
3055,4.21,775.7,10.8,5_1,1_8
3056,4.55,775.7,21.9,9_2,2_6
3058,4.69,775.8,13.5,9_2,2_6
3063,5.29,776.9,58.3,9_2,3_4
3067,4.23,777.9,11.4,5_1,1_8
3068,5.3,778.0,79.1,4_3,1_8
3069,5.23,778.0,55.2,5_1,2_3
3070,4.41,778.1,8.5,5_1,1_8
3074,4.89,778.4,13.3,9_2,2_6
3075,4.96,778.5,34.2,9_2,2_6
3077,5.49,779.5,138.1,4_3,2_6
3079,4.25,779.6,8.8,5_1,1_8
3081,5.41,779.7,20.2,9_2,2_6
3082,4.89,779.7,51.8,9_2,3_4
3088,4.42,780.8,10.7,5_1,1_8
3092,4.21,782.0,20.0,9_2,2_6
3095,4.62,782.7,33.1,9_2,2_6
3098,5.59,782.9,76.6,4_3,1_8
3099,4.94,783.2,76.8,9_2,3_7
3100,3.99,783.4,8.1,5_1,1_8
3102,4.08,783.5,10.5,5_1,1_8
3107,4.28,784.5,33.6,9_2,2_6
3110,4.6,784.6,20.1,9_2,2_6
3111,4.97,784.9,47.9,9_2,3_4
3114,5.28,785.5,68.1,7_3,2_6
3116,4.38,785.8,9.1,5_1,1_8
3117,4.87,785.9,149.6,4_3,1_8
3119,3.92,787.0,27.3,9_2,2_6
3121,4.63,787.4,13.1,9_2,2_3
3124,4.93,787.6,15.6,7_3,3_10
3125,4.4,787.8,19.6,9_2,2_6
3126,4.66,788.1,9.3,5_1,1_8
3130,6.3,788.5,60.0,4_3,3_10
3133,4.58,789.9,60.2,7_3,1_8
3134,4.14,790.3,12.4,9_2,2_6
3135,4.7,790.4,19.7,9_2,2_6
3136,4.13,790.5,41.5,9_2,1_0
3137,4.23,790.7,9.4,5_1,1_8
3144,4.6,792.4,9.4,5_1,1_8
3145,4.14,792.5,213.2,4_3,1_8
3147,4.88,793.1,29.0,7_3,3_4
3148,5.18,793.2,132.2,4_3,2_6
3149,4.64,793.4,14.2,9_2,2_6
3152,4.4,793.9,20.7,9_2,2_6
3153,4.93,793.9,40.0,9_2,1_0
3154,4.28,794.0,9.5,5_1,1_8
3160,4.38,794.8,9.4,5_1,1_8
3161,4.47,794.9,84.8,10_3,3_7
3163,4.56,795.7,14.6,9_2,2_6
3164,4.58,795.9,9.0,5_1,1_8
3165,4.85,796.2,15.7,7_3,3_10
3167,5.03,796.6,151.1,4_3,1_8
3169,4.49,796.9,9.3,5_1,1_8
3170,4.32,797.1,29.7,9_2,2_6
3171,4.32,797.3,25.3,9_2,2_6
3175,4.86,797.8,58.3,5_1,2_6
3176,4.12,797.9,22.9,10_3,3_7
3178,4.39,798.4,14.9,9_2,2_6
3180,4.61,798.6,10.5,5_1,1_0
3185,4.35,799.0,9.2,5_1,1_8
3186,4.61,799.2,120.8,9_2,1_0
3193,4.99,800.9,36.2,2_3,3_4
3195,4.62,801.1,10.4,5_1,1_0
3198,4.24,801.5,27.4,9_2,2_6
3200,5.37,801.6,41.1,4_3,3_7
3202,4.77,802.0,8.9,5_1,1_8
3204,5.59,802.9,9.0,5_1,1_8
3205,4.89,803.1,13.4,9_2,2_6
3206,4.58,803.4,7.1,5_1,1_8
3207,4.39,803.9,29.0,9_2,2_6
3210,4.59,804.6,13.5,9_2,2_6
3211,4.32,804.8,8.9,5_1,1_8
3212,4.64,804.8,118.8,9_2,1_0
3218,4.63,805.7,63.5,5_1,1_8
3222,4.13,806.7,15.6,9_2,2_6
3223,3.96,806.9,14.0,9_2,2_6
3224,5.07,807.0,10.2,7_3,3_10
3225,5.18,807.0,120.4,4_3,2_6
3226,4.67,807.2,60.1,5_1,1_8
3227,4.68,807.3,74.3,9_2,2_6
3228,4.9,807.5,63.2,5_1,1_8
3232,6.12,808.2,60.4,5_1,1_8
3234,5.85,808.9,123.5,5_1,3_4
3235,4.26,809.2,26.5,9_2,2_6
3248,4.82,811.8,58.0,5_1,1_8
3252,4.7,812.3,60.9,9_2,2_6
3254,10.97,812.5,6.3,9_2,node2
3256,4.08,813.4,71.4,9_2,2_6
3261,4.75,813.8,59.9,9_2,2_6
3265,4.8,814.8,66.3,9_2,2_6
3274,4.7,815.7,144.2,9_2,3_7
3279,4.83,816.7,117.9,5_1,3_4
3282,10.05,817.0,58.2,5_1,1_8
3283,4.68,817.0,98.0,9_2,3_4
3287,12.85,817.4,67.2,node2,2_6
3290,5.08,817.9,118.7,7_3,2_6
3294,5.58,819.1,93.0,9_2,3_4
3298,4.57,820.1,67.1,9_2,2_6
3301,4.78,821.0,59.1,7_3,3_10
3308,4.58,822.0,51.1,5_1,1_8
3316,4.81,823.3,211.1,7_3,1_8
3321,4.62,824.7,112.6,5_1,3_4
3324,4.15,825.6,55.9,10_3,3_7
3328,4.61,826.8,18.0,4_3,3_7
3332,4.82,827.3,32.9,0_1,3_4
3340,5.01,829.6,99.4,4_3,2_6
3341,5.08,829.6,53.1,7_3,3_10
3342,5.11,829.9,193.1,4_3,1_8
3343,4.92,830.0,13.3,0_1,1_8
3355,5.12,832.5,99.5,4_3,2_6
3356,5.1,832.6,191.3,4_3,1_8
3359,5.23,833.4,10.8,2_3,3_4
3361,5.19,835.6,191.7,4_3,1_8
3368,5.28,838.3,15.4,4_3,3_7
3377,4.9,840.0,190.4,4_3,1_8
3382,4.92,841.0,42.9,10_3,3_7
3386,5.16,842.0,188.0,4_3,1_8
3402,4.27,847.1,39.6,10_3,3_7
3412,4.71,851.7,37.3,10_3,3_7
3430,5.28,858.6,177.1,7_3,1_8
3433,4.59,858.9,30.1,9_2,2_6
3436,5.06,860.4,86.9,0_1,2_6
3437,4.87,860.7,51.2,9_2,3_4
3440,4.54,861.4,25.8,9_2,2_6
3442,10.66,861.8,14.4,5_1,1_8
3444,4.38,862.0,22.5,9_2,2_6
3446,4.46,862.6,12.4,5_1,1_8
3452,4.41,864.0,12.8,5_1,1_8
3453,4.49,864.1,27.6,9_2,2_6
3454,4.78,864.2,24.8,9_2,2_3
3455,4.53,864.8,11.8,5_1,1_8
3459,4.54,865.5,59.9,9_2,1_0
3460,5.03,865.5,21.9,9_2,2_6
3465,4.37,866.6,30.1,7_3,3_4
3466,4.84,866.6,71.1,4_3,2_6
3467,4.96,866.7,47.5,9_2,3_4
3472,4.62,867.6,12.7,5_1,1_8
3473,4.25,867.7,10.4,5_1,1_8
3474,4.93,867.9,87.8,4_3,3_10
3480,4.68,869.0,21.7,9_2,2_6
3483,4.67,869.2,22.0,9_2,2_6
3484,5.11,869.2,69.7,5_1,3_4
3485,4.7,869.4,246.5,4_3,1_8
3487,5.28,869.7,70.6,4_3,2_6
3489,4.17,869.9,10.6,5_1,1_8
3491,4.86,870.8,20.0,9_2,2_3
3494,4.52,871.0,9.1,5_1,1_8
3496,4.56,871.0,22.6,9_2,2_6
3498,5.3,871.6,86.6,4_3,3_10
3501,4.47,872.1,9.7,5_1,1_8
3502,4.63,872.2,22.1,9_2,2_6
3505,4.32,872.5,14.6,7_3,3_10
3507,4.29,873.2,20.7,9_2,2_6
3510,4.78,873.9,15.4,10_3,3_4
3511,4.44,874.0,9.6,5_1,1_8
3512,5.09,874.1,46.1,4_3,3_7
3514,3.97,874.4,21.5,9_2,2_6
3515,4.79,874.7,15.5,5_1,1_8
3517,4.44,875.0,9.3,5_1,1_8
3520,4.06,875.3,9.7,5_1,1_8
3521,5.34,875.6,20.7,9_2,2_6
3522,4.69,876.0,18.9,9_2,2_6
3523,4.94,876.5,15.7,10_3,3_4
3524,4.86,876.6,243.7,4_3,1_8
3525,4.44,877.2,20.2,9_2,2_6
3526,4.21,877.9,9.0,5_1,1_8
3529,4.45,878.2,24.1,9_2,2_6
3533,4.68,878.9,18.8,9_2,2_6
3534,4.7,878.9,243.1,4_3,1_8
3536,5.33,879.4,64.2,4_3,2_6
3538,5.16,879.5,15.1,10_3,3_7
3544,4.77,880.9,18.1,9_2,2_6
3545,5.05,881.0,140.2,4_3,1_0
3546,5.25,881.1,38.9,9_2,3_4
3547,4.45,881.2,18.7,9_2,2_6
3548,4.3,881.6,10.2,7_3,3_10
3551,4.31,881.9,9.9,5_1,1_8
3556,4.42,883.0,17.9,9_2,2_6
3558,4.35,883.2,10.0,5_1,1_8
3561,4.63,883.5,10.1,7_3,3_10
3564,5.25,883.9,148.0,4_3,1_8
3565,4.82,884.0,21.5,9_2,2_6
3566,4.85,884.6,43.8,5_1,3_4
3567,5.11,884.6,18.7,9_2,2_6
3571,4.53,885.3,10.0,5_1,1_8
3572,5.05,885.4,32.9,9_2,3_4
3574,4.24,885.8,17.0,9_2,2_6
3575,4.47,886.1,10.3,5_1,1_8
3580,4.44,886.8,21.3,9_2,2_6
3581,5.5,886.8,18.8,9_2,2_6
3583,4.38,886.9,9.7,5_1,1_8
3584,4.37,887.2,10.1,5_1,1_8
3586,5.29,887.3,61.6,4_3,2_6
3592,4.92,888.7,33.1,5_1,2_3
3594,4.34,889.3,9.8,5_1,1_8
3595,4.5,889.4,10.5,5_1,1_8
3596,5.15,889.5,61.3,0_1,2_6
3599,4.85,890.0,59.8,5_1,3_10
3603,4.91,890.8,222.4,7_3,1_8
3607,5.25,891.3,27.1,2_3,3_4
3609,8.33,891.9,32.4,5_1,1_8
3610,4.29,892.1,12.0,5_1,1_8
3611,4.51,892.1,10.5,5_1,1_8
3615,4.99,893.1,32.5,0_1,1_8
3619,3.48,893.4,33.9,4_3,3_7
3623,4.76,893.9,9.6,5_1,1_8
3624,5.11,893.9,47.4,5_1,3_4
3632,4.97,896.1,123.0,5_1,3_4
3633,4.82,896.2,59.1,5_1,1_8
3646,5.3,898.2,64.3,10_3,3_4
3649,4.38,898.4,58.9,5_1,1_0
3650,5.06,898.4,51.5,0_1,3_4
3653,5.29,899.7,58.8,5_1,1_8
3654,4.78,899.8,78.2,5_1,1_8
3657,5.98,900.3,66.9,10_3,3_7
3659,4.62,900.6,55.2,5_1,1_8
3661,4.98,900.7,28.1,0_1,1_8
3667,5.91,901.7,119.8,5_1,3_4
3671,4.66,902.6,57.2,5_1,1_8
3678,4.93,904.3,55.8,5_1,1_8
3679,4.92,904.6,120.9,5_1,3_4
3680,4.61,904.7,56.7,5_1,1_8
3685,5.05,906.7,33.4,0_1,2_3
3689,3.93,907.2,55.9,5_1,1_8
3697,4.8,908.6,54.1,5_1,1_8
3707,4.91,910.6,60.1,7_3,3_10
3708,12.03,910.7,61.8,10_3,3_7
3710,5.0,911.4,117.4,4_3,1_0
3711,5.25,911.4,64.1,7_3,3_4
3723,5.1,914.1,38.7,4_3,2_6
3726,5.17,914.5,58.0,7_3,3_10
3727,5.02,914.5,212.2,4_3,1_8
3737,5.28,917.9,286.7,4_3,1_8
3747,5.39,920.4,16.3,4_3,3_7
3751,5.04,921.9,9.8,2_3,3_4
3765,5.06,924.6,19.3,4_3,3_7
3767,4.58,925.0,36.0,9_2,2_6
3773,4.35,926.6,38.6,5_1,1_8
3776,3.69,927.1,101.2,5_1,3_4
3792,5.52,931.9,43.7,7_3,10_3
3797,5.12,934.2,43.0,7_3,3_10
3799,4.35,934.4,48.1,7_3,3_4
3817,5.04,940.3,11.6,2_3,3_4
223,4.43,943.4,68.7,2_1,1_0
3838,4.85,944.0,13.5,4_3,3_7
3849,4.73,947.8,10.9,9_2,2_6
3850,4.49,947.8,12.8,9_2,2_6
3860,4.52,951.0,12.9,9_2,2_6
3861,4.25,951.1,11.4,9_2,2_6
3864,3.92,953.1,13.1,9_2,2_6
3868,11.54,953.7,6.7,9_2,node2
3870,4.85,954.0,71.7,0_1,2_3
3877,4.78,955.4,10.4,5_1,1_8
3879,4.6,955.6,12.7,9_2,2_6
3883,6.34,956.2,71.5,4_3,2_6
3885,4.85,956.9,41.9,9_2,3_4
3887,4.32,957.1,12.8,9_2,2_6
3888,4.7,957.1,11.9,9_2,2_6
3891,3.94,957.6,9.6,5_1,1_8
3895,4.3,957.9,12.2,9_2,2_6
3898,6.62,958.3,14.2,5_1,1_8
3899,4.6,958.5,13.4,9_2,2_6
3900,4.73,958.9,54.8,9_2,1_0
3902,12.45,959.2,58.2,node2,2_6
3904,4.15,959.5,9.1,5_1,1_8
3910,4.58,961.0,10.2,5_1,1_8
3911,6.31,961.0,38.1,9_2,3_7
3916,4.45,961.6,12.0,9_2,2_6
3917,5.08,961.7,152.7,4_3,1_0
3918,4.76,961.8,13.3,5_1,1_8
3920,4.79,962.1,50.7,5_1,2_3
3922,4.92,962.9,166.4,7_3,1_8
3923,11.25,963.0,12.2,9_2,2_6
3924,4.53,963.0,11.8,9_2,2_6
3928,4.13,964.2,12.4,5_1,1_8
3930,4.34,964.8,9.0,5_1,1_8
3934,5.06,965.7,33.6,9_2,3_4
3935,4.45,966.2,12.2,5_1,1_8
3938,4.65,966.4,10.6,9_2,2_6
3942,4.28,966.8,12.5,9_2,2_6
3944,4.28,967.3,9.6,5_1,1_8
3945,4.92,967.3,19.9,7_3,3_10
3950,4.57,968.9,12.3,9_2,2_6
3953,4.54,969.0,11.2,5_1,1_8
3959,4.55,970.5,10.0,5_1,1_8
3962,4.45,971.2,16.7,5_1,1_0
3964,5.17,971.6,46.6,4_3,3_7
3967,4.29,972.7,9.6,5_1,1_8
3973,4.69,974.1,20.0,5_1,1_0
3976,5.43,974.8,45.9,4_3,3_7
3978,5.1,975.2,39.0,5_1,2_3
3980,5.15,975.5,52.0,0_1,2_3
3981,4.53,975.9,8.9,5_1,1_8
3983,1.87,976.3,4.7,5_1,node1
3992,4.74,979.0,50.6,5_1,3_4
3996,4.84,979.9,9.7,5_1,1_8
4000,4.69,980.1,9.7,5_1,1_8
4008,4.99,982.8,123.8,4_3,2_6
4011,4.8,983.2,8.8,5_1,1_8
4012,4.79,983.3,116.8,5_1,2_3
4017,4.52,984.4,64.4,5_1,1_8
4022,4.23,985.8,65.1,5_1,1_8
4025,4.88,986.4,126.0,5_1,3_4
4028,4.62,987.0,121.9,4_3,2_6
4029,6.01,987.2,215.0,7_3,1_8
4030,4.52,987.3,62.4,5_1,1_8
4037,4.84,988.1,65.9,5_1,1_8
4040,4.36,988.8,114.0,5_1,2_3
4041,5.26,989.4,62.7,5_1,1_8
4053,5.03,992.3,113.7,5_1,2_3
4054,5.17,993.1,67.0,10_3,3_7
4055,4.91,993.1,37.2,7_3,1_0
4061,4.65,993.9,62.6,5_1,1_8
4063,4.65,994.1,123.0,5_1,3_4
4069,4.87,995.1,66.5,10_3,3_7
4081,4.15,999.0,118.9,5_1,3_4
4082,2.22,999.3,58.8,5_1,1_8
4083,4.99,999.5,68.4,10_3,3_4
4097,5.09,1002.5,27.9,0_1,2_3
4098,4.93,1003.0,41.5,9_2,3_4
4105,5.65,1004.9,120.4,9_2,1_8
4106,4.66,1005.0,54.9,7_3,3_10
4111,4.74,1005.4,45.5,9_2,2_6
4117,11.79,1007.1,36.0,9_2,node2
4119,4.92,1007.3,41.9,9_2,2_6
4125,4.73,1008.5,45.1,9_2,2_6
4128,4.81,1009.6,58.4,10_3,3_7
4130,5.0,1009.8,22.8,4_3,3_10
4134,4.88,1011.4,51.2,7_3,3_10
4137,4.72,1011.7,39.4,9_2,2_6
4143,4.88,1012.8,65.8,9_2,2_6
4144,9.13,1012.8,35.5,9_2,node2
4145,5.24,1012.9,98.3,4_3,2_6
4146,4.88,1013.0,40.1,9_2,2_6
4147,5.13,1013.0,11.2,2_3,3_4
4153,5.22,1014.3,10.1,2_3,3_4
4155,4.26,1014.4,66.9,10_3,3_4
4163,6.12,1015.9,97.8,7_3,2_6
4164,4.68,1015.9,38.5,9_2,2_6
4165,5.36,1016.0,39.4,9_2,2_6
4167,4.71,1016.5,77.0,9_2,3_4
4168,4.98,1016.8,20.1,4_3,3_10
4175,5.05,1018.0,43.2,9_2,2_6
4178,5.02,1018.5,37.2,9_2,2_6
4184,4.7,1020.6,37.6,9_2,2_6
4185,4.81,1020.7,36.6,9_2,2_6
4199,4.82,1024.6,58.2,7_3,3_4
4205,4.74,1025.9,12.8,2_3,3_4
4208,3.92,1026.8,33.2,9_2,2_6
4210,5.09,1027.8,12.6,2_3,3_4
4217,5.08,1029.4,54.8,7_3,3_4
4223,5.1,1030.6,11.5,2_3,3_4
4231,4.92,1032.3,95.8,0_1,2_6
4238,5.43,1033.4,15.2,4_3,3_10
4249,5.08,1037.6,87.6,4_3,1_0
4252,4.99,1040.4,76.2,4_3,2_6
4255,12.14,1041.8,29.2,node2,2_6
4257,3.69,1042.0,20.4,5_1,1_8
4263,11.77,1043.1,16.1,9_2,node2
4270,4.49,1045.3,13.9,9_2,2_6
4271,4.97,1045.6,139.3,4_3,2_1
4273,4.44,1045.7,18.4,9_2,2_6
4275,4.84,1045.8,14.3,5_1,1_8
4280,4.15,1046.3,16.4,9_2,2_6
4281,4.35,1046.8,15.8,5_1,1_8
4286,3.99,1047.8,13.7,5_1,1_8
4287,7.75,1047.8,9.7,node2,2_6
4288,4.64,1047.9,20.3,9_2,2_3
4295,4.91,1049.4,75.9,0_1,3_4
4296,4.39,1049.5,17.4,9_2,2_6
4299,4.46,1050.4,13.1,5_1,1_8
4300,4.77,1050.7,14.3,5_1,1_8
4302,4.19,1051.1,16.5,7_3,3_10
4306,4.73,1051.3,15.3,9_2,2_6
4310,4.14,1052.7,13.9,9_2,2_6
4311,4.35,1052.8,13.0,5_1,1_8
4313,4.54,1053.0,15.1,9_2,2_6
4317,5.05,1053.3,67.1,5_1,3_4
4323,4.85,1054.5,15.4,5_1,1_8
4324,4.98,1054.6,77.0,0_1,2_6
4327,4.24,1055.3,12.7,5_1,1_8
4328,4.34,1055.3,15.0,9_2,2_6
4329,3.65,1055.3,14.4,9_2,2_6
4335,5.09,1056.9,43.4,4_3,3_7
4336,4.5,1057.1,8.6,9_2,2_6
4337,4.83,1057.2,13.6,5_1,1_8
4338,4.97,1057.4,134.3,4_3,1_0
4343,4.83,1057.9,24.9,9_2,2_1
4346,4.71,1058.2,13.1,5_1,1_8
4349,4.83,1058.8,13.1,9_2,2_6
4352,4.45,1059.1,17.0,10_3,3_7
4354,12.3,1059.2,30.4,node2,2_6
4358,5.24,1059.7,60.0,4_3,2_6
4359,4.59,1059.9,20.0,9_2,2_6
4361,8.29,1060.4,4.7,9_2,node2
4366,4.56,1060.7,13.1,7_3,3_10
4367,4.41,1060.8,11.7,5_1,1_8
4368,4.79,1060.8,36.5,9_2,3_4
4373,4.47,1061.9,14.4,5_1,1_8
4374,4.9,1062.1,16.6,10_3,3_7
4380,4.59,1062.8,12.7,9_2,2_6
4381,4.43,1063.1,20.2,9_2,2_6
4383,4.15,1063.5,11.1,5_1,1_8
4384,4.21,1063.5,10.0,9_2,2_6
4386,7.49,1064.4,9.1,node2,2_6
4387,4.31,1064.5,14.0,5_1,1_8
4389,5.04,1064.6,26.8,9_2,3_4
4390,4.71,1064.6,11.9,9_2,2_6
4391,5.81,1064.8,43.3,10_3,3_4
4392,4.86,1065.1,13.9,9_2,2_6
4393,5.06,1065.2,53.4,5_1,3_4
4395,4.75,1066.0,20.1,9_2,2_6
4396,3.98,1066.1,12.1,5_1,1_0
4397,5.06,1066.5,32.8,9_2,3_4
4400,4.74,1067.5,81.1,10_3,3_7
4401,4.51,1067.7,13.5,9_2,2_6
4403,4.79,1067.9,31.7,9_2,1_0
4404,4.05,1068.0,13.4,5_1,1_8
4405,4.23,1068.0,12.0,5_1,1_8
4406,4.1,1068.1,12.7,9_2,2_6
4408,5.03,1068.3,26.2,9_2,3_4
4409,4.84,1068.4,27.0,2_3,3_4
4413,4.61,1069.1,14.1,9_2,2_6
4416,4.75,1069.4,51.8,5_1,3_4
4419,4.72,1069.7,18.7,9_2,2_6
4421,4.5,1070.0,10.7,5_1,1_8
4425,4.7,1070.6,12.2,9_2,2_6
4428,4.49,1071.3,13.1,5_1,1_8
4429,4.54,1071.4,13.4,9_2,2_6
4430,4.36,1071.6,11.1,5_1,1_8
4434,4.78,1072.1,20.2,9_2,2_6
4436,4.68,1072.2,39.8,5_1,2_3
4440,4.65,1073.1,12.0,9_2,2_6
4442,4.59,1073.4,13.2,9_2,2_6
4443,4.7,1073.5,62.6,5_1,1_8
4447,4.15,1073.9,9.3,5_1,1_0
4449,4.76,1074.3,11.9,9_2,2_6
4451,4.99,1074.5,21.2,9_2,2_6
4454,11.55,1074.9,7.2,9_2,node2
4457,4.77,1075.4,114.7,5_1,2_3
4458,4.9,1075.5,63.4,5_1,1_8
4460,4.34,1076.0,14.7,9_2,2_6
4466,4.62,1077.6,61.7,5_1,1_8
4469,4.38,1077.9,14.4,9_2,2_6
4470,4.6,1078.0,15.2,9_2,2_6
4471,4.68,1078.3,134.3,5_1,3_10
4472,5.27,1078.4,23.9,9_2,3_4
4475,4.81,1079.5,61.8,9_2,2_6
4477,4.51,1079.9,14.7,9_2,2_6
4480,4.71,1080.2,13.7,9_2,2_6
4481,5.88,1080.3,124.1,5_1,3_4
4484,5.08,1080.7,45.7,0_1,3_4
4485,5.19,1081.0,102.3,9_2,3_4
4486,12.41,1081.1,33.7,node2,2_6
4493,5.05,1082.7,60.4,5_1,1_8
4498,5.01,1083.8,59.8,9_2,2_6
4500,4.69,1084.4,57.7,5_1,1_8
4511,4.69,1086.2,59.9,5_1,1_8
4512,4.84,1086.4,20.0,4_3,3_7
4514,5.04,1086.7,108.6,7_3,2_6
4516,4.63,1087.1,76.7,5_1,1_8
4520,4.61,1088.0,59.4,9_2,2_6
4528,4.09,1090.0,60.1,5_1,1_8
4537,4.94,1091.7,32.9,4_3,2_6
4547,4.73,1094.4,50.7,5_1,1_8
4568,4.99,1099.3,11.2,0_1,1_8
4572,5.11,1100.2,11.2,2_3,3_4
4578,4.78,1101.2,52.7,7_3,3_10
4587,4.68,1103.0,11.0,2_3,3_4
4594,5.31,1104.5,92.9,7_3,2_6
4596,2.23,1105.0,40.9,5_1,1_8
4600,5.13,1106.1,9.0,2_3,3_4
4608,13.25,1107.0,45.6,10_3,3_7
4613,4.89,1108.2,113.1,0_1,3_4
4627,4.76,1112.1,10.4,2_3,3_4
4628,4.81,1112.1,100.3,4_3,1_8
4630,5.01,1112.2,117.4,0_1,3_10
4637,5.02,1113.6,25.7,9_2,2_6
4638,4.64,1113.7,28.6,9_2,2_6
4642,4.85,1114.2,70.2,9_2,3_4
4644,4.82,1114.6,46.6,10_3,3_4
4648,4.84,1115.2,79.6,9_2,1_0
4651,4.42,1116.3,30.9,9_2,2_6
4653,6.0,1117.0,68.3,9_2,3_4
4659,11.78,1118.3,17.0,9_2,node2
4668,5.17,1119.7,32.0,9_2,2_6
4669,5.2,1119.7,32.4,9_2,2_6
4673,6.05,1120.1,34.5,9_2,2_6
4681,10.45,1122.5,16.0,9_2,node2
4688,6.02,1124.9,13.8,4_3,3_7
4701,5.02,1127.9,79.2,4_3,2_6
4703,4.07,1128.3,32.3,9_2,2_6
4710,4.57,1129.8,66.0,5_1,2_3
4714,4.0,1130.3,23.6,5_1,1_8
4721,4.72,1131.7,25.6,9_2,2_6
4724,5.13,1132.2,55.0,4_3,3_7
4730,9.87,1133.9,10.6,node2,2_6
4731,5.23,1134.2,8.0,9_2,node2
4737,4.45,1135.3,19.3,9_2,2_6
4740,3.56,1136.0,11.9,5_1,1_8
4745,4.64,1136.4,20.0,5_1,1_8
4748,5.35,1137.1,78.9,4_3,1_8
4751,10.37,1137.2,12.3,node2,2_6
4752,4.73,1137.3,25.6,9_2,2_6
4757,4.78,1137.9,20.4,9_2,2_6
4758,5.24,1138.0,55.2,4_3,3_7
4761,4.13,1138.6,15.8,9_2,2_6
4763,4.41,1139.0,9.6,5_1,1_8
4764,4.61,1139.1,20.5,5_1,1_8
4768,4.58,1140.3,19.7,9_2,2_6
4769,4.55,1140.7,24.4,9_2,2_6
4773,4.63,1141.6,10.1,5_1,1_8
4774,4.92,1141.6,15.1,node2,2_6
4775,4.69,1141.6,72.6,5_1,3_4
4779,5.5,1141.8,75.7,4_3,1_8
4780,4.7,1141.8,26.9,7_3,10_3
4781,4.72,1141.9,15.5,9_2,2_6
4783,4.98,1142.1,20.2,5_1,1_8
4785,4.43,1142.3,20.4,9_2,2_6
4790,5.0,1143.2,52.8,0_1,1_8
4791,4.36,1143.6,10.4,5_1,1_8
4792,4.41,1143.7,20.6,9_2,2_6
4796,4.63,1144.1,15.8,9_2,2_6
4799,4.64,1144.8,21.8,5_1,1_8
4801,4.88,1144.9,19.9,9_2,2_6
4803,4.25,1145.8,9.8,5_1,1_8
4805,5.13,1145.9,143.5,4_3,1_8
4807,5.08,1146.3,22.4,7_3,3_4
4811,4.41,1147.1,22.3,9_2,2_6
4812,4.5,1147.1,19.9,9_2,2_6
4816,4.27,1147.5,22.0,5_1,1_8
4817,4.58,1147.7,137.6,4_3,1_0
4824,5.13,1148.9,141.7,4_3,1_8
4826,4.8,1149.2,14.0,10_3,3_7
4827,4.55,1149.2,11.7,5_1,1_8
4828,4.66,1149.3,12.9,5_1,1_8
4836,4.5,1150.8,19.1,7_3,10_3
4837,4.65,1151.1,20.4,5_1,1_8
4840,4.65,1151.4,141.5,4_3,1_8
4842,5.19,1151.8,134.3,0_1,3_10
4845,4.62,1152.2,12.5,5_1,1_8
4851,4.64,1153.0,20.3,5_1,1_8
4852,4.63,1153.0,58.2,9_2,1_8
4857,3.66,1153.9,16.1,5_1,1_8
4858,4.87,1154.2,11.7,5_1,1_8
4861,5.14,1155.4,11.2,10_3,3_7
4862,5.26,1155.5,43.1,4_3,3_7
4863,4.77,1155.5,20.4,5_1,1_8
4872,5.02,1156.9,59.8,0_1,3_4
4875,4.63,1157.2,20.6,5_1,1_8
4876,4.84,1157.2,12.3,5_1,1_8
4877,5.8,1157.2,60.4,5_1,3_4
4887,4.66,1159.3,12.7,5_1,1_8
4892,4.55,1159.9,66.9,5_1,1_8
4895,3.96,1160.7,55.6,4_3,2_6
4899,4.19,1161.2,13.5,5_1,1_8
4900,4.0,1161.9,12.2,5_1,1_8
4909,4.66,1163.3,67.6,5_1,1_8
4913,4.63,1164.2,11.8,5_1,1_8
4914,5.05,1164.2,55.6,5_1,3_4
4925,4.98,1166.4,68.4,5_1,1_8
4926,4.48,1166.5,61.1,5_1,1_8
4930,4.31,1166.9,8.4,9_2,2_6
4933,4.36,1167.0,9.5,9_2,2_6
4934,4.83,1167.5,62.4,5_1,1_8
4938,4.86,1168.2,77.6,7_3,3_4
4940,4.48,1168.5,67.7,5_1,1_8
4942,5.0,1168.7,10.2,9_2,2_6
4943,4.43,1168.8,9.6,9_2,2_6
4945,4.47,1169.2,10.0,9_2,2_6
4946,4.58,1169.3,112.3,5_1,2_3
4947,5.23,1169.3,24.9,9_2,3_4
4952,5.1,1170.2,69.0,10_3,3_7
4956,4.69,1170.5,9.4,9_2,2_6
4960,6.11,1171.4,14.6,9_2,2_6
4962,4.51,1171.8,10.2,9_2,2_6
4963,4.99,1171.8,59.7,5_1,1_8
4967,4.59,1172.3,122.5,4_3,1_8
4969,4.54,1172.7,14.0,5_1,1_0
4970,5.58,1172.8,10.9,9_2,2_6
4973,5.03,1173.3,48.6,9_2,3_4
4974,4.68,1173.3,117.8,5_1,3_4
4975,4.11,1173.4,65.4,5_1,1_8
4978,4.0,1173.8,38.5,0_1,2_6
4979,4.57,1173.9,55.4,9_2,2_6
4980,4.9,1173.9,55.5,9_2,2_6
4988,4.96,1175.6,111.0,9_2,1_0
4991,4.6,1175.7,54.1,9_2,2_6
4996,4.86,1176.3,55.4,9_2,2_6
4997,5.24,1176.6,119.2,5_1,3_4
5002,5.3,1177.6,54.9,9_2,2_6
5004,6.33,1177.8,94.5,9_2,3_4
5011,4.85,1178.8,55.5,9_2,2_6
5016,4.8,1180.4,105.5,9_2,3_4
5017,5.21,1180.4,54.2,9_2,2_6
5020,4.8,1180.5,54.6,5_1,1_8
5028,4.63,1181.2,56.3,9_2,2_6
5031,4.64,1181.7,55.3,9_2,2_6
5037,4.49,1182.7,45.6,9_2,2_3
5043,5.93,1183.7,52.8,5_1,1_8
5049,5.24,1184.5,55.3,9_2,2_6
5052,4.68,1185.4,22.5,2_1,1_8
5062,4.79,1186.9,16.4,4_3,3_7
5069,4.56,1188.0,52.2,9_2,2_6
5070,4.7,1188.1,53.8,9_2,2_6
5082,5.06,1189.8,30.1,4_3,2_6
5083,4.97,1190.2,10.9,2_3,3_4
5091,5.01,1192.3,305.1,4_3,2_6
5096,4.45,1194.5,110.4,0_1,3_10
5101,4.93,1195.9,9.8,2_3,3_4
5108,5.82,1197.9,102.1,4_3,1_8
5114,5.11,1199.2,106.8,0_1,3_4
5128,4.7,1202.0,89.9,10_3,2_6
5136,5.03,1204.0,38.2,10_3,3_4
5158,5.33,1208.1,32.6,7_3,3_10
5159,4.85,1208.3,68.5,9_2,3_4
5168,4.8,1210.0,166.7,10_3,2_6
5169,5.32,1210.1,92.5,7_3,1_8
5194,5.12,1215.4,72.4,4_3,2_6
5210,5.12,1219.5,28.0,7_3,3_10
5217,5.16,1220.5,22.2,10_3,3_4
5219,4.88,1221.2,28.4,5_1,1_8
5224,4.74,1221.8,14.5,9_2,2_6
5227,5.22,1223.1,58.2,9_2,3_4
5234,4.6,1225.2,12.1,5_1,1_8
5235,4.33,1225.2,18.9,9_2,2_6
5237,13.55,1225.4,86.2,4_3,2_6
5238,4.84,1225.5,63.4,9_2,1_0
5240,4.12,1225.6,15.4,5_1,1_8
5241,4.81,1225.8,149.2,4_3,1_8
5248,4.44,1227.3,14.0,9_2,2_6
5249,4.92,1227.4,65.7,5_1,3_4
5252,4.21,1227.9,11.9,5_1,1_8
5254,4.28,1227.9,15.7,5_1,1_8
5255,5.0,1228.0,151.7,4_3,1_8
5258,4.62,1228.6,45.6,2_3,3_4
5261,3.88,1229.5,9.0,node2,2_6
5262,4.34,1229.7,18.4,9_2,2_6
5263,4.32,1229.9,14.3,9_2,2_6
5267,5.17,1230.1,44.0,4_3,3_7
5268,4.52,1230.4,60.3,9_2,1_0
5269,3.88,1230.5,10.9,5_1,1_8
5270,4.94,1231.1,68.4,4_3,2_6
5272,4.81,1231.5,23.3,5_1,1_8
5276,4.45,1231.9,14.5,9_2,2_6
5277,4.67,1232.0,19.3,9_2,2_6
5279,4.91,1232.5,11.1,5_1,1_8
5280,4.73,1232.6,14.2,5_1,1_8
5282,4.92,1233.1,148.3,4_3,1_8
5286,3.83,1233.6,15.5,9_2,2_6
5289,4.44,1234.1,15.1,9_2,2_6
5290,4.92,1234.4,70.3,7_3,1_8
5292,4.52,1235.0,11.3,5_1,1_8
5293,4.83,1235.0,19.6,9_2,2_6
5294,6.11,1235.2,68.8,4_3,2_6
5295,4.46,1235.2,14.6,5_1,1_8
5299,4.39,1236.2,15.5,9_2,2_6
5301,5.08,1236.5,19.6,7_3,3_10
5302,4.49,1236.7,15.4,9_2,2_6
5304,4.36,1237.0,20.4,9_2,2_6
5306,5.13,1237.6,67.7,4_3,1_0
5307,4.45,1237.6,20.5,5_1,1_8
5311,4.99,1238.1,66.0,4_3,2_6
5312,4.61,1238.2,16.1,5_1,1_8
5313,4.43,1238.4,10.8,5_1,1_8
5314,4.24,1238.5,15.4,9_2,2_6
5317,4.52,1238.7,16.0,9_2,2_6
5318,4.35,1238.9,20.5,9_2,2_6
5324,4.63,1240.4,16.3,5_1,1_8
5325,4.22,1240.8,10.4,5_1,1_8
5329,4.91,1240.9,144.3,4_3,1_8
5330,4.52,1240.9,15.4,9_2,2_6
5331,4.62,1241.1,20.2,9_2,2_6
5332,4.49,1241.2,16.0,9_2,2_6
5333,3.42,1242.4,38.0,4_3,3_7
5334,4.41,1242.6,28.7,5_1,1_0
5337,4.58,1243.0,20.1,9_2,2_6
5338,4.34,1243.3,9.7,5_1,1_8
5339,4.45,1243.5,16.3,5_1,1_8
5340,4.58,1243.5,16.5,5_1,1_8
5341,4.19,1243.6,20.3,7_3,3_4
5342,4.73,1243.6,53.8,9_2,1_8
5346,4.67,1244.3,10.5,10_3,3_7
5351,5.28,1245.3,19.9,7_3,3_4
5353,4.52,1246.0,19.7,9_2,2_6
5356,4.63,1246.8,47.7,9_2,1_0
5359,4.31,1247.8,15.0,5_1,1_8
5360,4.56,1248.0,14.6,9_2,2_6
5361,4.47,1248.1,10.8,5_1,1_8
5362,4.51,1248.2,13.2,10_3,3_7
5364,4.94,1248.3,46.9,5_1,3_4
5366,4.91,1248.6,60.3,0_1,3_4
5369,4.03,1249.7,18.5,9_2,2_6
5370,4.03,1249.9,10.6,5_1,1_8
5371,5.6,1250.0,52.1,5_1,1_0
5375,4.23,1251.5,13.0,5_1,1_8
5376,4.59,1252.4,10.6,5_1,1_8
5378,4.64,1253.1,18.6,9_2,2_6
5379,3.64,1253.1,11.2,5_1,1_8
5380,4.81,1253.6,64.8,10_3,3_4
5384,4.8,1255.0,62.3,5_1,1_8
5386,5.0,1255.9,124.5,5_1,3_4
5390,5.03,1257.0,63.5,5_1,1_8
5394,4.81,1258.3,63.9,5_1,1_8
5395,4.78,1258.5,124.5,5_1,3_4
5407,4.9,1260.9,62.5,5_1,1_8
5409,2.08,1261.3,1.1,4_3,node3
5412,5.13,1262.3,116.5,5_1,3_4
5415,4.87,1263.5,61.4,5_1,1_8
5430,5.08,1265.9,58.8,5_1,1_8
5432,4.98,1266.0,112.3,5_1,2_3
5434,4.67,1266.4,60.1,5_1,1_8
5436,4.63,1266.4,54.3,9_2,2_6
5438,5.26,1266.6,40.1,0_1,3_4
5452,2.19,1269.9,58.2,5_1,1_8
5453,3.82,1270.2,118.3,5_1,3_4
5457,5.0,1271.0,118.3,4_3,1_8
5460,4.89,1271.2,64.7,7_3,3_10
5470,4.88,1273.3,16.4,4_3,3_7
5471,4.96,1273.4,114.7,10_3,1_0
5479,4.95,1275.0,114.1,7_3,2_6
5484,5.72,1277.0,31.2,4_3,2_6
5486,4.87,1277.2,45.4,9_2,2_6
5491,6.1,1277.8,34.0,9_2,3_4
5495,4.64,1278.9,41.0,9_2,2_6
5502,4.89,1280.5,61.6,7_3,3_10
5509,5.1,1281.3,40.8,9_2,2_6
5511,4.89,1281.5,125.2,9_2,3_7
5512,4.79,1281.6,47.3,9_2,2_6
5513,4.73,1281.8,10.4,2_3,3_4
5518,4.94,1283.2,94.3,0_1,1_8
5522,4.25,1283.6,40.6,9_2,2_6
5524,4.66,1284.4,44.5,9_2,2_6
5531,4.67,1286.0,29.8,9_2,2_3
5536,5.36,1286.9,39.9,9_2,2_6
5542,4.46,1288.8,32.2,9_2,2_6
5545,5.28,1289.3,105.6,0_1,3_4
5550,4.95,1290.8,95.2,10_3,2_6
5561,3.03,1293.7,50.7,7_3,3_10
5565,4.64,1294.8,35.9,9_2,2_6
5571,4.7,1296.7,32.6,9_2,2_6
5576,5.15,1299.3,72.2,4_3,2_6
5584,5.98,1301.2,25.3,9_2,2_6
5599,4.86,1305.6,68.2,4_3,2_6
5600,4.73,1305.7,65.5,9_2,1_0
5604,3.7,1306.4,28.1,9_2,2_6
5614,4.93,1309.8,234.9,4_3,1_0
5620,4.09,1310.8,16.3,5_1,1_8
219,4.98,1313.7,55.8,2_1,1_0
5636,4.69,1314.0,15.8,5_1,1_8
5643,5.04,1315.4,172.1,4_3,2_6
5646,5.0,1316.1,52.9,2_3,3_4
5650,5.1,1316.9,74.9,5_1,3_4
5653,4.58,1317.1,13.8,5_1,1_8
5654,6.39,1317.2,62.6,4_3,3_7
5662,4.82,1318.8,19.4,9_2,2_6
5663,4.23,1319.0,13.8,5_1,1_8
5668,4.93,1319.5,171.7,4_3,2_6
5669,4.63,1319.6,11.7,5_1,1_8
5672,4.77,1320.2,54.1,9_2,1_0
5673,4.89,1320.8,64.8,5_1,3_4
5674,4.84,1321.1,13.7,5_1,1_8
5676,4.55,1321.4,18.2,9_2,2_6
5681,4.81,1321.9,153.8,10_3,2_6
5690,4.28,1323.5,14.6,5_1,1_8
5691,6.55,1323.7,67.3,5_1,2_6
5694,4.45,1324.1,10.9,10_3,3_7
5697,4.33,1324.8,12.5,5_1,1_8
5700,6.44,1325.4,15.4,7_3,3_4
5706,4.57,1326.2,12.3,5_1,1_0
5712,4.71,1326.9,11.4,5_1,1_8
5713,4.15,1327.4,13.0,5_1,1_8
5715,5.01,1327.9,50.1,4_3,3_10
5718,4.5,1328.6,11.9,5_1,1_8
5723,4.63,1329.4,8.4,9_2,2_6
5725,4.5,1329.5,12.9,5_1,1_8
5726,4.16,1329.6,11.8,5_1,1_8
5731,4.61,1330.6,11.1,9_2,2_6
5734,5.34,1330.9,163.5,4_3,2_6
5735,4.23,1330.9,17.7,7_3,3_10
5737,4.94,1331.3,56.4,5_1,3_4
5744,4.85,1332.3,38.7,9_2,3_4
5745,4.39,1332.3,10.7,9_2,2_6
5746,4.32,1332.4,11.2,5_1,1_8
5750,4.71,1333.3,11.3,9_2,2_6
5751,4.84,1333.3,12.1,9_2,2_6
5756,5.1,1333.9,45.6,5_1,2_3
5757,4.24,1334.8,12.0,9_2,2_6
5759,4.71,1335.0,17.1,7_3,3_10
5760,4.57,1335.3,17.8,9_2,2_6
5761,4.21,1335.7,10.3,5_1,1_8
5764,4.73,1335.9,39.8,9_2,1_0
5765,4.99,1335.9,13.1,9_2,2_6
5767,4.68,1336.1,60.2,5_1,3_10
5770,4.92,1336.9,31.6,9_2,3_4
5771,4.35,1337.0,11.5,9_2,2_6
5772,4.85,1337.1,40.9,9_2,1_0
5775,4.12,1337.8,13.2,9_2,2_6
5776,5.07,1337.8,136.5,10_3,2_6
5777,4.64,1337.9,48.2,7_3,1_0
5780,5.89,1338.4,55.3,5_1,3_4
5781,4.23,1338.4,9.9,5_1,1_8
5782,4.24,1338.4,12.0,9_2,2_6
5790,4.62,1340.4,12.0,5_1,1_8
5791,4.25,1340.6,9.5,5_1,1_8
5792,5.48,1340.7,15.8,9_2,2_6
5795,4.7,1341.0,203.7,7_3,2_6
5797,4.24,1341.2,11.9,9_2,2_6
5798,4.12,1341.3,12.8,9_2,2_6
5799,5.99,1341.4,28.8,9_2,3_4
5801,4.13,1341.8,11.9,5_1,1_8
5803,4.13,1342.3,9.1,5_1,1_8
5804,4.2,1342.4,16.1,9_2,2_6
5806,4.37,1342.9,201.8,7_3,2_6
5807,4.5,1342.9,13.1,9_2,2_6
5809,4.71,1343.4,131.0,5_1,3_4
5810,4.4,1343.8,64.1,5_1,1_8
5812,4.32,1344.0,16.1,9_2,2_6
5815,4.7,1344.2,11.6,10_3,3_7
5816,4.54,1344.6,9.2,5_1,1_8
5818,4.78,1345.0,11.3,10_3,3_4
5822,11.5,1345.9,17.3,9_2,2_6
5823,5.12,1346.0,13.6,9_2,2_6
5825,4.69,1346.6,44.9,7_3,1_8
5826,4.02,1346.6,18.2,9_2,2_6
5828,4.96,1347.4,113.2,5_1,2_3
5829,5.06,1347.6,63.6,5_1,1_8
5831,4.25,1348.5,18.3,9_2,2_6
5833,4.15,1348.8,10.4,9_2,2_6
5834,4.11,1348.9,132.1,10_3,1_8
5836,4.51,1349.7,13.5,9_2,2_6
5837,5.02,1349.8,57.6,5_1,1_8
5839,4.42,1349.9,63.5,5_1,1_8
5840,4.56,1350.1,16.2,9_2,2_6
5844,4.2,1350.4,18.5,9_2,2_6
5847,4.87,1351.3,65.1,10_3,3_7
5849,4.5,1351.4,10.9,9_2,2_6
5850,4.86,1351.6,67.9,5_1,1_8
5851,4.62,1351.8,57.5,5_1,1_8
5853,4.63,1352.5,55.8,9_2,2_6
5854,4.5,1352.7,11.9,9_2,2_6
5857,5.21,1353.5,42.9,4_3,1_8
5859,5.14,1353.8,71.4,7_3,3_10
5862,4.66,1354.4,132.5,10_3,1_0
5866,4.55,1355.3,120.7,5_1,3_4
5867,4.9,1355.4,127.6,5_1,2_6
5870,4.67,1356.0,62.6,10_3,3_7
5874,4.5,1357.7,79.9,7_3,3_4
5881,5.61,1359.1,118.8,4_3,1_8
5890,4.96,1361.1,66.8,7_3,3_10
5891,4.7,1361.6,27.5,4_3,3_7
5904,4.67,1365.2,64.5,7_3,3_10
5911,5.02,1368.3,176.4,4_3,2_6
5922,5.14,1371.6,173.1,4_3,3_2
5927,4.94,1374.4,20.0,4_3,3_7
5928,4.78,1374.5,47.9,10_3,3_7
5939,4.74,1378.5,97.6,4_3,1_8
5942,5.19,1379.8,12.3,2_3,3_4
5949,7.88,1381.2,163.5,4_3,3_2
5959,6.08,1383.0,102.7,0_1,2_6
5964,4.95,1385.5,71.8,9_2,3_4
5966,5.23,1385.7,95.4,0_1,3_4
5968,5.05,1386.4,82.3,4_3,3_2
5973,4.55,1387.3,20.9,9_2,2_6
5977,4.76,1387.8,23.3,9_2,2_6
5988,4.92,1389.7,24.9,9_2,2_6
5989,6.16,1389.9,23.5,9_2,2_6
5990,6.09,1389.9,154.8,4_3,3_2
5993,4.98,1390.2,154.5,4_3,3_2
5995,4.41,1390.5,19.9,9_2,2_6
5996,5.3,1390.5,77.2,4_3,2_1
6004,4.93,1391.8,24.2,9_2,2_6
6009,4.36,1393.3,24.1,9_2,2_6
6011,4.64,1393.6,17.4,9_2,2_6
6013,4.61,1393.8,23.5,9_2,2_6
6024,6.07,1396.4,148.3,4_3,3_2
6025,4.68,1396.4,60.2,9_2,1_0
6026,4.29,1396.5,22.9,9_2,2_6
6034,4.83,1399.7,20.8,9_2,2_6
6036,4.38,1400.3,14.8,9_2,2_6
6040,5.0,1401.0,72.5,4_3,3_7
6042,10.25,1401.1,12.3,5_1,1_8
6044,4.03,1401.5,13.8,5_1,1_8
6045,4.69,1401.5,17.7,9_2,2_6
6053,4.69,1402.7,13.6,9_2,2_3
6055,4.73,1403.0,55.8,9_2,1_0
6056,4.38,1403.2,11.7,5_1,1_8
6059,4.33,1403.6,18.8,9_2,2_6
6066,4.82,1404.8,16.4,9_2,2_6
6068,4.59,1405.2,19.5,10_3,3_7
6074,4.79,1406.0,68.3,5_1,3_4
6075,4.34,1406.3,12.5,5_1,1_8
6079,4.97,1406.8,53.1,9_2,3_4
6081,7.72,1406.9,8.4,9_2,node2
6083,4.87,1407.2,17.1,9_2,2_6
6084,4.5,1407.4,15.3,9_2,2_6
6085,4.15,1407.8,13.1,5_1,1_8
6089,4.15,1408.6,12.0,5_1,1_8
6090,4.5,1408.6,13.2,5_1,1_0
6092,4.49,1408.6,18.3,10_3,3_7
6095,4.96,1409.3,76.5,4_3,1_8
6097,5.21,1409.8,134.9,4_3,node2
6098,5.27,1409.8,50.8,9_2,3_4
6099,4.43,1409.9,12.0,5_1,1_8
6103,4.39,1410.7,16.4,9_2,2_6
6106,4.7,1411.5,16.3,9_2,2_6
6110,3.8,1411.9,11.8,5_1,1_8
6112,5.11,1412.6,132.1,10_3,3_2
6114,5.06,1413.0,63.6,5_1,3_4
6116,4.24,1413.3,9.9,5_1,1_8
6121,4.53,1413.9,15.2,9_2,2_6
6124,4.61,1414.4,16.0,9_2,2_6
6127,7.29,1414.8,9.9,node2,2_6
6130,4.98,1415.7,62.4,5_1,3_4
6132,4.8,1416.5,41.0,2_3,3_4
6136,4.8,1416.9,14.6,10_3,3_4
6140,5.09,1417.4,47.2,4_3,3_10
6143,4.14,1417.5,14.3,9_2,2_6
6145,4.92,1417.8,59.9,4_3,3_7
6146,4.67,1417.8,72.0,0_1,2_6
6148,4.48,1418.4,9.6,5_1,1_8
6149,5.65,1419.1,50.0,4_3,3_10
6152,4.34,1419.7,11.6,5_1,1_8
6154,4.47,1420.2,13.5,10_3,3_7
6157,4.74,1421.0,59.1,5_1,3_4
6158,5.29,1421.5,123.2,4_3,3_2
6167,5.08,1424.3,57.7,5_1,3_4
6177,5.66,1426.5,12.0,9_2,2_6
6178,3.31,1426.5,57.1,4_3,3_7
6180,4.26,1426.7,8.9,5_1,1_8
6185,5.22,1427.4,57.2,5_1,3_4
6191,4.37,1428.9,10.5,7_3,3_10
6200,4.69,1430.9,10.6,7_3,3_10
6202,4.04,1431.1,8.8,5_1,1_8
6217,4.75,1433.9,8.7,5_1,1_8
6219,5.01,1434.6,9.8,7_3,3_10
6224,5.0,1435.4,109.3,4_3,2_1
6226,4.44,1435.7,62.6,5_1,1_8
6233,4.65,1437.1,107.6,5_1,1_2
6239,5.4,1439.3,105.4,5_1,1_2
6243,4.68,1440.4,9.0,9_2,2_6
6250,5.16,1441.6,23.9,9_2,3_4
6251,4.77,1441.8,10.4,9_2,2_6
6253,4.45,1441.9,56.8,5_1,1_8
6257,4.64,1442.7,58.8,5_1,1_8
6259,4.45,1443.1,56.2,9_2,2_6
6262,4.84,1443.6,101.1,9_2,node3
6269,5.2,1444.2,58.9,9_2,2_6
6271,5.08,1444.7,56.4,9_2,2_6
6272,4.45,1445.1,58.3,5_1,1_8
6275,4.97,1445.5,99.2,9_2,node3
6277,4.87,1446.1,55.0,5_1,1_8
6280,4.92,1446.6,55.7,9_2,2_6
6282,4.63,1447.0,58.3,5_1,1_8
6283,4.97,1447.4,59.0,9_2,2_6
6285,4.62,1447.4,55.8,9_2,2_6
6288,4.85,1447.8,55.6,7_3,3_4
6291,4.72,1448.4,47.3,9_2,2_3
6296,5.25,1449.5,56.0,9_2,2_6
6310,5.03,1452.1,92.6,9_2,3_4
6311,4.73,1452.1,57.5,9_2,2_6
6312,3.75,1452.1,92.6,10_3,3_2
6314,4.59,1452.3,51.9,9_2,2_6
6330,5.16,1454.7,32.7,0_1,3_4
6336,5.03,1455.7,61.5,9_2,2_6
6338,4.8,1455.9,54.3,9_2,2_6
6347,5.03,1457.5,54.9,9_2,2_6
6351,4.83,1459.0,53.7,9_2,2_6
6356,6.25,1460.3,19.4,0_1,2_3
6360,5.22,1460.9,10.3,2_3,3_4
6366,3.83,1462.3,52.5,9_2,2_6
6368,5.17,1462.8,81.9,0_1,1_2
6372,5.34,1463.7,25.8,4_3,3_7
6373,3.62,1463.8,52.0,9_2,2_6
6379,4.85,1465.1,49.5,10_3,3_7
6387,5.41,1467.6,38.0,7_3,3_4
6388,5.32,1467.7,24.3,4_3,3_7
6407,4.74,1473.6,71.1,4_3,3_2
6425,5.23,1478.9,65.8,4_3,3_2
6429,6.14,1479.9,11.0,2_3,3_4
6437,5.05,1481.5,63.2,4_3,3_2
6455,5.07,1485.8,56.8,0_1,1_8
6458,5.5,1486.8,57.9,4_3,node3
6475,4.98,1490.8,53.9,5_1,1_2
6477,4.27,1491.2,11.9,5_1,1_8
6478,4.91,1491.3,21.3,9_2,2_6
6481,5.09,1491.6,53.1,4_3,node3
6483,4.72,1491.8,27.2,9_2,2_6
6490,4.46,1493.8,13.8,5_1,1_8
6491,3.79,1493.8,23.9,7_3,3_10
6493,4.93,1494.2,50.5,10_3,3_2
6497,4.63,1495.4,11.8,5_1,1_8
6498,4.97,1495.8,48.9,4_3,node3
6505,4.34,1496.7,11.3,5_1,1_8
6506,4.58,1496.8,24.1,9_2,2_6
6507,3.83,1496.8,13.5,5_1,1_8
6508,4.23,1496.8,47.9,9_2,node3
6511,4.16,1497.4,11.2,5_1,1_8
6515,4.37,1498.3,18.8,9_2,2_6
6517,5.13,1498.6,46.1,9_2,2_3
6520,4.37,1498.9,21.0,9_2,2_6
6521,4.96,1499.4,12.8,5_1,1_8
6523,4.64,1499.6,10.9,5_1,1_8
6524,4.69,1500.1,22.8,9_2,2_6
6527,4.39,1500.5,18.3,9_2,2_6
6529,5.29,1500.7,44.0,5_1,1_2
6531,4.26,1501.0,10.0,5_1,1_8
6534,3.85,1501.3,43.4,9_2,node1
6535,3.81,1501.3,12.3,5_1,1_8
6537,4.96,1501.7,23.4,9_2,2_6
6546,4.09,1503.1,18.2,9_2,2_6
6547,4.42,1503.1,25.1,9_2,2_6
6548,4.44,1503.2,10.7,5_1,1_8
6549,4.46,1503.2,19.7,9_2,2_6
6550,5.03,1503.3,41.4,5_1,1_2
6552,4.26,1503.6,12.0,5_1,1_8
6556,4.81,1504.4,12.0,10_3,3_7
6559,4.83,1504.8,18.7,9_2,2_6
6561,5.67,1505.1,39.6,9_2,2_3
6566,4.91,1505.5,25.0,9_2,2_6
6571,4.84,1506.1,19.7,9_2,2_6
6576,4.36,1506.7,12.3,5_1,1_8
6578,4.59,1507.2,15.2,5_1,1_8
6579,4.59,1507.2,12.2,9_2,2_3
6580,4.31,1507.4,25.5,9_2,2_6
6584,4.78,1507.9,18.6,9_2,2_6
6586,4.16,1508.2,12.5,5_1,1_8
6589,4.52,1508.9,35.8,9_2,node1
6591,4.32,1509.0,16.6,5_1,1_8
6593,4.76,1509.7,25.9,9_2,2_6
6595,4.93,1510.2,12.8,9_2,2_3
6598,4.47,1510.7,18.4,9_2,2_6
6599,4.91,1510.9,9.8,5_1,1_8
6603,5.08,1511.6,12.0,5_1,1_8
6608,4.96,1512.0,32.7,9_2,2_1
6609,4.2,1512.3,18.9,9_2,2_6
6610,5.23,1512.6,32.1,9_2,2_3
6611,4.86,1512.7,26.6,9_2,2_6
6612,5.1,1512.7,32.0,5_1,1_2
6616,4.29,1513.6,9.8,10_3,3_7
6617,4.51,1513.8,11.7,5_1,1_8
6621,4.55,1514.3,10.0,5_1,1_8
6627,4.84,1515.6,29.1,0_1,node1
6628,5.13,1515.6,29.1,9_2,2_3
6629,4.83,1515.7,10.0,5_1,1_8
6631,4.58,1515.9,17.9,9_2,2_6
6632,4.92,1516.0,25.2,9_2,2_6
6635,4.66,1516.4,10.2,10_3,3_7
6636,4.28,1516.6,10.8,5_1,1_8
6637,4.83,1516.7,25.4,9_2,2_6
6640,5.7,1517.9,26.8,5_1,1_2
6642,6.95,1518.5,8.1,9_2,node2
6643,4.89,1518.6,25.9,9_2,2_6
6646,4.62,1519.4,24.1,9_2,2_6
6647,4.6,1519.6,10.7,10_3,3_7
6651,4.13,1520.4,17.7,9_2,2_6
6654,4.46,1521.0,10.1,5_1,1_8
6656,4.96,1521.4,8.8,5_1,1_8
6658,4.23,1521.6,23.1,9_2,2_6
6660,4.97,1522.8,21.9,5_1,1_2
6667,4.58,1523.2,9.8,5_1,1_8
6673,4.7,1524.3,8.5,10_3,3_7
6675,4.31,1524.7,7.7,5_1,1_8
6679,6.1,1525.8,11.2,node2,2_6
6713,4.47,1532.8,11.9,9_2,2_6
